Workbook

Sheet README
A1: Macquarie FY24 ESG: data science mini project (pure Excel, no macros or code)
A3: How to run
A4: Open this workbook in desktop Excel (2010+) and click Enable Editing. Nothing else to run or install.
A5: Change the yellow cells on Inputs (starting cluster centres, anomaly threshold); every sheet recalculates. Press F9 if calculation is manual.
A7: Pipeline (each step feeds the next)
A8: 1. Features: feature engineering + z-score standardisation + correlation matrix.
A9: 2. PCA: eigenvectors obtained by power iteration and deflation (PC1, PC2, explained variance, loadings, scores).
A10: 3. KMeans: k = 3 clustering with 8 iterations laid out step by step, convergence check and inertia.
A11: 4. Silhouette: pairwise distance matrix and silhouette score to validate the clusters.
A12: 5. Regression: LINEST multiple regression (t-stats, p-values, F, VIF), train/test split, naive-baseline comparison, residual anomaly flags.
A14: Data from the original locked file
A15: Data sheet = values copied from "1. ESRM" (reviews by sector, FY22 to FY24), source cells listed per row, reconciled to the reported totals.
... A20: Train/test assignment (seed 42) was fixed once and hardcoded in Regression column A.

Sheet Dashboard
A1: Dashboard
A2: Live: change Inputs and everything recalculates.
A3: Metric | B3: Value
A4: PC1 explained variance | B4: =PCA!T5 -> 0.59845603
A5: PC1 + PC2 cumulative | B5: =PCA!U6 -> 0.84933475
A6: K-means converged? | B6: =KMeans!B70 -> Yes
A7: K-means inertia | B7: =KMeans!B71 -> 18.623964
A8: Mean silhouette | B8: =Silhouette!Y23 -> 0.38149515
A9: Cluster 1 / 2 / 3 sizes | B9: =KMeans!B74&" / "&KMeans!B75&" / "&KMeans!B76 -> 3 / 2 / 11
A10: Regression R² (train) | B10: =Regression!K11 -> 0.49133669
A11: Adjusted R² (train) | B11: =Regression!K12 -> 0.3783004
A12: Test RMSE: model | B12: =Regression!B29 -> 19.957442
A13: Test RMSE: naive baseline | B13: =Regression!C29 -> 44.61502
A14: Skill vs naive | B14: =Regression!B32 -> 0.55267436
A15: Anomalous residuals (train + test) | B15: =COUNTIF(Regression!H6:H17,"Anomaly")+COUNTIF(Regression!J22:J25,"Anomaly") -> 3
A17: PCA chart colours assume the default cluster centre inputs (cluster sizes 3 / 2 / 11); other inputs may mis-colour points but not move them.

Sheet Inputs
A1: Inputs (edit yellow cells)
A3: Parameter | B3: Value | C3: Note
A4: K-means initial cluster centre 1 | B4: Mining | C4: Sector used as starting centre of cluster 1
A5: K-means initial cluster centre 2 | B5: Nuclear | C5: Sector used as starting centre of cluster 2
A6: K-means initial cluster centre 3 | B6: Technology | C6: Sector used as starting centre of cluster 3
A7: Residual anomaly threshold |z| | B7: 1.5 | C7: Regression residuals beyond this many std errors are flagged
A9: Fixed design choices (not inputs): k = 3 clusters, 8 k-means iterations, 30 power-iteration steps, 4 PCA features, 12/4 train/test split (seed 42).

Sheet Data
A1: Source data: Macquarie FY24 ESG Dataset, sheet "1. ESRM"
A2: Blue = values copied from the (protected) source file; source cells listed per row. Columns reordered oldest to newest.
A3: Reviews completed under the ESR Policy, by sector (#)
A4: Sector | B4: FY22 | C4: FY23 | D4: FY24 | E4: Source cells
A5: Mining | B5: 215 | C5: 249 | D5: 167 | E5: '1. ESRM'!B5:E5
A6: Energy | B6: 192 | C6: 195 | D6: 165 | E6: '1. ESRM'!B6:E6
A7: Social infrastructure | B7: 83 | C7: 87 | D7: 107 | E7: '1. ESRM'!B7:E7
A8: Nuclear | B8: 33 | C8: 27 | D8: 66 | E8: '1. ESRM'!B8:E8
A9: Defence | B9: 43 | C9: 45 | D9: 54 | E9: '1. ESRM'!B9:E9
A10: Agriculture | B10: 39 | C10: 60 | D10: 47 | E10: '1. ESRM'!B10:E10
A11: Manufacturing | B11: 44 | C11: 48 | D11: 46 | E11: '1. ESRM'!B11:E11
A12: Financial services | B12: 54 | C12: 60 | D12: 44 | E12: '1. ESRM'!B12:E12
A13: Gaming & entertainment | B13: 42 | C13: 53 | D13: 40 | E13: '1. ESRM'!B13:E13
A14: Chemicals & pharmaceuticals | B14: 52 | C14: 54 | D14: 33 | E14: '1. ESRM'!B14:E14
A15: Renewables | B15: 46 | C15: 23 | D15: 30 | E15: '1. ESRM'!B15:E15
A16: Forestry | B16: 11 | C16: 20 | D16: 29 | E16: '1. ESRM'!B16:E16
... A20: Other | B20: 72 | C20: 78 | D20: 60 | E20: '1. ESRM'!B20:E20
A21: Total (calculated) | B21: =SUM(B5:B20) -> 1041 | C21: =SUM(C5:C20) -> 1094 | D21: =SUM(D5:D20) -> 961
A22: Total (reported) | B22: 1041 | C22: 1094 | D22: 961 | E22: '1. ESRM'!C21:E21
A23: Check (should be 0) | B23: =B21-B22 -> 0 | C23: =C21-C22 -> 0 | D23: =D21-D22 -> 0

Sheet Features
A1: Step 1: Feature engineering and standardisation
A2: Each sector becomes a 4-feature profile, then z-scored (mean 0, std 1) so features are comparable.
A4: Period index t | B4: 1 | C4: 2 | D4: 3
A5: Sector | B5: FY22 | C5: FY23 | D5: FY24 | E5: ln(avg volume) | F5: YoY growth FY24 | G5: Volatility (CV) | H5: Relative trend | I5: z: ln(avg volume) | J5: z: YoY growth FY24 | K5: z: Volatility (CV) | L5: z: Relative trend
A6: =Data!A5 -> Mining | B6: =Data!B5 -> 215 | C6: =Data!C5 -> 249 | D6: =Data!D5 -> 167 | E6: =LN(AVERAGE(B6:D6)) -> 5.3486936 | F6: =IF(C6=0,0,D6/C6-1) -> -0.32931727 | G6: =STDEV(B6:D6)/AVERAGE(B6:D6) -> 0.1958734 | H6: =SLOPE(B6:D6,$B$4:$D$4)/AVERAGE(B6:D6) -> -0.1141046 | I6: =(E6-E$22)/E$23 -> 2.2282166 | J6: =(F6-F$22)/F$23 -> -0.72394527 | K6: =(G6-G$22)/G$23 -> -0.19392696 | L6: =(H6-H$22)/H$23 -> -0.44607581
A7: =Data!A6 -> Energy | B7: =Data!B6 -> 192 | C7: =Data!C6 -> 195 | D7: =Data!D6 -> 165 | E7: =LN(AVERAGE(B7:D7)) -> 5.2149358 | F7: =IF(C7=0,0,D7/C7-1) -> -0.15384615 | G7: =STDEV(B7:D7)/AVERAGE(B7:D7) -> 0.089797346 | H7: =SLOPE(B7:D7,$B$4:$D$4)/AVERAGE(B7:D7) -> -0.073369565 | I7: =(E7-E$22)/E$23 -> 2.0162355 | J7: =(F7-F$22)/F$23 -> -0.34335418 | K7: =(G7-G$22)/G$23 -> -1.0432511 | L7: =(H7-H$22)/H$23 -> -0.25383652
A8: =Data!A7 -> Social infrastructure | B8: =Data!B7 -> 83 | C8: =Data!C7 -> 87 | D8: =Data!D7 -> 107 | E8: =LN(AVERAGE(B8:D8)) -> 4.5254052 | F8: =IF(C8=0,0,D8/C8-1) -> 0.22988506 | G8: =STDEV(B8:D8)/AVERAGE(B8:D8) -> 0.13925849 | H8: =SLOPE(B8:D8,$B$4:$D$4)/AVERAGE(B8:D8) -> 0.1299639 | I8: =(E8-E$22)/E$23 -> 0.9234591 | J8: =(F8-F$22)/F$23 -> 0.48894622 | K8: =(G8-G$22)/G$23 -> -0.64722817 | L8: =(H8-H$22)/H$23 -> 0.70574737
A9: =Data!A8 -> Nuclear | B9: =Data!B8 -> 33 | C9: =Data!C8 -> 27 | D9: =Data!D8 -> 66 | E9: =LN(AVERAGE(B9:D9)) -> 3.7376696 | F9: =IF(C9=0,0,D9/C9-1) -> 1.4444444 | G9: =STDEV(B9:D9)/AVERAGE(B9:D9) -> 0.5 | H9: =SLOPE(B9:D9,$B$4:$D$4)/AVERAGE(B9:D9) -> 0.39285714 | I9: =(E9-E$22)/E$23 -> -0.32495391 | J9: =(F9-F$22)/F$23 -> 3.1232857 | K9: =(G9-G$22)/G$23 -> 2.2411376 | L9: =(H9-H$22)/H$23 -> 1.9464095
A10: =Data!A9 -> Defence | B10: =Data!B9 -> 43 | C10: =Data!C9 -> 45 | D10: =Data!D9 -> 54 | E10: =LN(AVERAGE(B10:D10)) -> 3.8572148 | F10: =IF(C10=0,0,D10/C10-1) -> 0.2 | G10: =STDEV(B10:D10)/AVERAGE(B10:D10) -> 0.12379152 | H10: =SLOPE(B10:D10,$B$4:$D$4)/AVERAGE(B10:D10) -> 0.11619718 | I10: =(E10-E$22)/E$23 -> -0.13549729 | J10: =(F10-F$22)/F$23 -> 0.42412651 | K10: =(G10-G$22)/G$23 -> -0.77106832 | L10: =(H10-H$22)/H$23 -> 0.64077863
A11: =Data!A10 -> Agriculture | B11: =Data!B10 -> 39 | C11: =Data!C10 -> 60 | D11: =Data!D10 -> 47 | E11: =LN(AVERAGE(B11:D11)) -> 3.8849943 | F11: =IF(C11=0,0,D11/C11-1) -> -0.21666667 | G11: =STDEV(B11:D11)/AVERAGE(B11:D11) -> 0.21778237 | H11: =SLOPE(B11:D11,$B$4:$D$4)/AVERAGE(B11:D11) -> 0.082191781 | I11: =(E11-E$22)/E$23 -> -0.0914719 | J11: =(F11-F$22)/F$23 -> -0.47960981 | K11: =(G11-G$22)/G$23 -> -0.018507391 | L11: =(H11-H$22)/H$23 -> 0.48029823
A12: =Data!A11 -> Manufacturing | B12: =Data!B11 -> 44 | C12: =Data!C11 -> 48 | D12: =Data!D11 -> 46 | E12: =LN(AVERAGE(B12:D12)) -> 3.8286414 | F12: =IF(C12=0,0,D12/C12-1) -> -0.041666667 | G12: =STDEV(B12:D12)/AVERAGE(B12:D12) -> 0.043478261 | H12: =SLOPE(B12:D12,$B$4:$D$4)/AVERAGE(B12:D12) -> 0.02173913 | I12: =(E12-E$22)/E$23 -> -0.18078072 | J12: =(F12-F$22)/F$23 -> -0.10004056 | K12: =(G12-G$22)/G$23 -> -1.4141162 | L12: =(H12-H$22)/H$23 -> 0.19500633
A13: =Data!A12 -> Financial services | B13: =Data!B12 -> 54 | C13: =Data!C12 -> 60 | D13: =Data!D12 -> 44 | E13: =LN(AVERAGE(B13:D13)) -> 3.9639827 | F13: =IF(C13=0,0,D13/C13-1) -> -0.26666667 | G13: =STDEV(B13:D13)/AVERAGE(B13:D13) -> 0.15347286 | H13: =SLOPE(B13:D13,$B$4:$D$4)/AVERAGE(B13:D13) -> -0.094936709 | I13: =(E13-E$22)/E$23 -> 0.0337099 | J13: =(F13-F$22)/F$23 -> -0.58805817 | K13: =(G13-G$22)/G$23 -> -0.53341738 | L13: =(H13-H$22)/H$23 -> -0.35561753
A14: =Data!A13 -> Gaming & entertainment | B14: =Data!B13 -> 42 | C14: =Data!C13 -> 53 | D14: =Data!D13 -> 40 | E14: =LN(AVERAGE(B14:D14)) -> 3.8066625 | F14: =IF(C14=0,0,D14/C14-1) -> -0.24528302 | G14: =STDEV(B14:D14)/AVERAGE(B14:D14) -> 0.15555556 | H14: =SLOPE(B14:D14,$B$4:$D$4)/AVERAGE(B14:D14) -> -0.022222222 | I14: =(E14-E$22)/E$23 -> -0.21561316 | J14: =(F14-F$22)/F$23 -> -0.54167774 | K14: =(G14-G$22)/G$23 -> -0.51674174 | L14: =(H14-H$22)/H$23 -> -0.012458812
A15: =Data!A14 -> Chemicals & pharmaceuticals | B15: =Data!B14 -> 52 | C15: =Data!C14 -> 54 | D15: =Data!D14 -> 33 | E15: =LN(AVERAGE(B15:D15)) -> 3.8358616 | F15: =IF(C15=0,0,D15/C15-1) -> -0.38888889 | G15: =STDEV(B15:D15)/AVERAGE(B15:D15) -> 0.25014876 | H15: =SLOPE(B15:D15,$B$4:$D$4)/AVERAGE(B15:D15) -> -0.20503597 | I15: =(E15-E$22)/E$23 -> -0.16933799 | J15: =(F15-F$22)/F$23 -> -0.85315416 | K15: =(G15-G$22)/G$23 -> 0.24064206 | L15: =(H15-H$22)/H$23 -> -0.87520479
A16: =Data!A15 -> Renewables | B16: =Data!B15 -> 46 | C16: =Data!C15 -> 23 | D16: =Data!D15 -> 30 | E16: =LN(AVERAGE(B16:D16)) -> 3.4965076 | F16: =IF(C16=0,0,D16/C16-1) -> 0.30434783 | G16: =STDEV(B16:D16)/AVERAGE(B16:D16) -> 0.35726746 | H16: =SLOPE(B16:D16,$B$4:$D$4)/AVERAGE(B16:D16) -> -0.24242424 | I16: =(E16-E$22)/E$23 -> -0.70715049 | J16: =(F16-F$22)/F$23 -> 0.65045352 | K16: =(G16-G$22)/G$23 -> 1.0983144 | L16: =(H16-H$22)/H$23 -> -1.0516498
A17: =Data!A16 -> Forestry | B17: =Data!B16 -> 11 | C17: =Data!C16 -> 20 | D17: =Data!D16 -> 29 | E17: =LN(AVERAGE(B17:D17)) -> 2.9957323 | F17: =IF(C17=0,0,D17/C17-1) -> 0.45 | G17: =STDEV(B17:D17)/AVERAGE(B17:D17) -> 0.45 | H17: =SLOPE(B17:D17,$B$4:$D$4)/AVERAGE(B17:D17) -> 0.45 | I17: =(E17-E$22)/E$23 -> -1.5007853 | J17: =(F17-F$22)/F$23 -> 0.96636831 | K17: =(G17-G$22)/G$23 -> 1.8408003 | L17: =(H17-H$22)/H$23 -> 2.2160816
... A21: =Data!A20 -> Other | B21: =Data!B20 -> 72 | C21: =Data!C20 -> 78 | D21: =Data!D20 -> 60 | E21: =LN(AVERAGE(B21:D21)) -> 4.2484952 | F21: =IF(C21=0,0,D21/C21-1) -> -0.23076923 | G21: =STDEV(B21:D21)/AVERAGE(B21:D21) -> 0.13093073 | H21: =SLOPE(B21:D21,$B$4:$D$4)/AVERAGE(B21:D21) -> -0.085714286 | I21: =(E21-E$22)/E$23 -> 0.48460879 | J21: =(F21-F$22)/F$23 -> -0.51019781 | K21: =(G21-G$22)/G$23 -> -0.71390644 | L21: =(H21-H$22)/H$23 -> -0.31209449
A22: Mean | E22: =AVERAGE(E6:E21) -> 3.9427121 | F22: =AVERAGE(F6:F21) -> 0.0044569245 | G22: =AVERAGE(G6:G21) -> 0.22009385 | H22: =AVERAGE(H6:H21) -> -0.019582231
A23: Std dev (sample) | E23: =STDEV(E6:E21) -> 0.63098958 | F23: =STDEV(F6:F21) -> 0.46104893 | G23: =STDEV(G6:G21) -> 0.12489467 | H23: =STDEV(H6:H21) -> 0.21189754
A25: Correlation matrix of the 4 features (input to PCA)
B26: ln(avg volume) | C26: YoY growth FY24 | D26: Volatility (CV) | E26: Relative trend
A27: ln(avg volume) | B27: =CORREL(E$6:E$21,E$6:E$21) -> 1 | C27: =CORREL(E$6:E$21,F$6:F$21) -> -0.23412028 | D27: =CORREL(E$6:E$21,G$6:G$21) -> -0.51423781 | E27: =CORREL(E$6:E$21,H$6:H$21) -> -0.13188328
A28: YoY growth FY24 | B28: =CORREL(F$6:F$21,E$6:E$21) -> -0.23412028 | C28: =CORREL(F$6:F$21,F$6:F$21) -> 1 | D28: =CORREL(F$6:F$21,G$6:G$21) -> 0.66176399 | E28: =CORREL(F$6:F$21,H$6:H$21) -> 0.72664853
A29: Volatility (CV) | B29: =CORREL(G$6:G$21,E$6:E$21) -> -0.51423781 | C29: =CORREL(G$6:G$21,F$6:F$21) -> 0.66176399 | D29: =CORREL(G$6:G$21,G$6:G$21) -> 1 | E29: =CORREL(G$6:G$21,H$6:H$21) -> 0.41244325
A30: Relative trend | B30: =CORREL(H$6:H$21,E$6:E$21) -> -0.13188328 | C30: =CORREL(H$6:H$21,F$6:F$21) -> 0.72664853 | D30: =CORREL(H$6:H$21,G$6:G$21) -> 0.41244325 | E30: =CORREL(H$6:H$21,H$6:H$21) -> 1

Sheet PCA
A1: Step 2: PCA via eigenvectors (power iteration with deflation)
A2: Excel has no eigen function, so PC1 and PC2 are obtained by repeated matrix-vector multiplication until the vector stops changing (column J shows convergence).
A3: Correlation matrix C | R3: Results
B4: ln(avg volume) | C4: YoY growth FY24 | D4: Volatility (CV) | E4: Relative trend | L4: Sector | M4: PC1 score | N4: PC2 score | O4: Cluster | P4: Sort key | R4: Component | S4: Eigenvalue | T4: Explained variance | U4: Cumulative
A5: ln(avg volume) | B5: =Features!B27 -> 1 | C5: =Features!C27 -> -0.23412028 | D5: =Features!D27 -> -0.51423781 | E5: =Features!E27 -> -0.13188328 | L5: =Features!A6 -> Mining | M5: =SUMPRODUCT(Features!I6:L6,$B$42:$E$42) -> -1.5170605 | N5: =SUMPRODUCT(Features!I6:L6,$B$85:$E$85) -> -1.3457853 | O5: =KMeans!F6 -> 1 | P5: =O5*100+1 -> 101 | R5: PC1 | S5: =SUMPRODUCT(F42:I42,B42:E42) -> 2.3938241 | T5: =S5/4 -> 0.59845603 | U5: =T5 -> 0.59845603
A6: YoY growth FY24 | B6: =Features!B28 -> -0.23412028 | C6: =Features!C28 -> 1 | D6: =Features!D28 -> 0.66176399 | E6: =Features!E28 -> 0.72664853 | L6: =Features!A7 -> Energy | M6: =SUMPRODUCT(Features!I7:L7,$B$42:$E$42) -> -1.5945419 | N6: =SUMPRODUCT(Features!I7:L7,$B$85:$E$85) -> -1.613388 | O6: =KMeans!F7 -> 1 | P6: =O6*100+2 -> 102 | R6: PC2 | S6: =SUMPRODUCT(F85:I85,B85:E85) -> 1.0035149 | T6: =S6/4 -> 0.25087872 | U6: =U5+T6 -> 0.84933475
A7: Volatility (CV) | B7: =Features!B29 -> -0.51423781 | C7: =Features!C29 -> 0.66176399 | D7: =Features!D29 -> 1 | E7: =Features!E29 -> 0.41244325 | L7: =Features!A8 -> Social infrastructure | M7: =SUMPRODUCT(Features!I8:L8,$B$42:$E$42) -> -0.0425459 | N7: =SUMPRODUCT(Features!I8:L8,$B$85:$E$85) -> -1.3787266 | O7: =KMeans!F8 -> 1 | P7: =O7*100+3 -> 103
A8: Relative trend | B8: =Features!B30 -> -0.13188328 | C8: =Features!C30 -> 0.72664853 | D8: =Features!D30 -> 0.41244325 | E8: =Features!E30 -> 1 | L8: =Features!A9 -> Nuclear | M8: =SUMPRODUCT(Features!I9:L9,$B$42:$E$42) -> 4.1101016 | N8: =SUMPRODUCT(Features!I9:L9,$B$85:$E$85) -> -1.0297504 | O8: =KMeans!F9 -> 2 | P8: =O8*100+4 -> 204 | R8: Loading | S8: PC1 | T8: PC2
L9: =Features!A10 -> Defence | M9: =SUMPRODUCT(Features!I10:L10,$B$42:$E$42) -> 0.1865673 | N9: =SUMPRODUCT(Features!I10:L10,$B$85:$E$85) -> -0.53991745 | O9: =KMeans!F10 -> 3 | P9: =O9*100+5 -> 305 | R9: ln(avg volume) | S9: =B42 -> -0.34627103 | T9: =B85 -> -0.77493578
A10: PC1: power iteration on C | L10: =Features!A11 -> Agriculture | M10: =SUMPRODUCT(Features!I11:L11,$B$42:$E$42) -> -0.017078677 | N10: =SUMPRODUCT(Features!I11:L11,$B$85:$E$85) -> -0.029864626 | O10: =KMeans!F11 -> 3 | P10: =O10*100+6 -> 306 | R10: YoY growth FY24 | S10: =C42 -> 0.57719536 | T10: =C85 -> -0.29365249
A11: Iter | B11: v1 | C11: v2 | D11: v3 | E11: v4 | F11: C·v 1 | G11: C·v 2 | H11: C·v 3 | I11: C·v 4 | J11: Change | L11: =Features!A12 -> Manufacturing | M11: =SUMPRODUCT(Features!I12:L12,$B$42:$E$42) -> -0.67415705 | N11: =SUMPRODUCT(Features!I12:L12,$B$85:$E$85) -> -0.3018833 | O11: =KMeans!F12 -> 3 | P11: =O11*100+7 -> 307 | R11: Volatility (CV) | S11: =D42 -> 0.54856632 | T11: =D85 -> 0.26536753
A12: 0 | B12: 0.5 | C12: 0.5 | D12: 0.5 | E12: 0.5 | F12: =SUMPRODUCT($B$5:$E$5,$B12:$E12) -> 0.05987931 | G12: =SUMPRODUCT($B$6:$E$6,$B12:$E12) -> 1.0771461 | H12: =SUMPRODUCT($B$7:$E$7,$B12:$E12) -> 0.77998471 | I12: =SUMPRODUCT($B$8:$E$8,$B12:$E12) -> 1.0036043 | L12: =Features!A13 -> Financial services | M12: =SUMPRODUCT(Features!I13:L13,$B$42:$E$42) -> -0.82009863 | N12: =SUMPRODUCT(Features!I13:L13,$B$85:$E$85) -> 0.18024794 | O12: =KMeans!F13 -> 3 | P12: =O12*100+8 -> 308 | R12: Relative trend | S12: =E42 -> 0.49600088 | T12: =E85 -> -0.49277057
A13: 1 | B13: =F12/SQRT(SUMSQ($F12:$I12)) -> 0.035916926 | C13: =G12/SQRT(SUMSQ($F12:$I12)) -> 0.64609591 | D13: =H12/SQRT(SUMSQ($F12:$I12)) -> 0.46785197 | E13: =I12/SQRT(SUMSQ($F12:$I12)) -> 0.60198388 | F13: =SUMPRODUCT($B$5:$E$5,$B13:$E13) -> -0.43532601 | G13: =SUMPRODUCT($B$6:$E$6,$B13:$E13) -> 1.3847253 | H13: =SUMPRODUCT($B$7:$E$7,$B13:$E13) -> 1.1252293 | I13: =SUMPRODUCT($B$8:$E$8,$B13:$E13) -> 1.2596941 | J13: =SQRT(SUMXMY2(B13:E13,B12:E12)) -> 0.49814789 | L13: =Features!A14 -> Gaming & entertainment | M13: =SUMPRODUCT(Features!I14:L14,$B$42:$E$42) -> -0.52763998 | N13: =SUMPRODUCT(Features!I14:L14,$B$85:$E$85) -> 0.19516423 | O13: =KMeans!F14 -> 3 | P13: =O13*100+9 -> 309
A14: 2 | B14: =F13/SQRT(SUMSQ($F13:$I13)) -> -0.19546827 | C14: =G13/SQRT(SUMSQ($F13:$I13)) -> 0.62176359 | D14: =H13/SQRT(SUMSQ($F13:$I13)) -> 0.50524578 | E14: =I13/SQRT(SUMSQ($F13:$I13)) -> 0.56562258 | F14: =SUMPRODUCT($B$5:$E$5,$B14:$E14) -> -0.67544839 | G14: =SUMPRODUCT($B$6:$E$6,$B14:$E14) -> 1.412889 | H14: =SUMPRODUCT($B$7:$E$7,$B14:$E14) -> 1.2505109 | I14: =SUMPRODUCT($B$8:$E$8,$B14:$E14) -> 1.2515904 | J14: =SQRT(SUMXMY2(B14:E14,B13:E13)) -> 0.23843576 | L14: =Features!A15 -> Chemicals & pharmaceuticals | M14: =SUMPRODUCT(Features!I15:L15,$B$42:$E$42) -> -0.73589401 | N14: =SUMPRODUCT(Features!I15:L15,$B$85:$E$85) -> 0.87689066 | O14: =KMeans!F15 -> 3 | P14: =O14*100+10 -> 310 | R14: Orthogonality v1·v2 (≈0) | U14: =SUMPRODUCT(B42:E42,B85:E85) -> 6.6290862e-12
A15: 3 | B15: =F14/SQRT(SUMSQ($F14:$I14)) -> -0.28586988 | C15: =G14/SQRT(SUMSQ($F14:$I14)) -> 0.5979767 | D15: =H14/SQRT(SUMSQ($F14:$I14)) -> 0.52925348 | E15: =I14/SQRT(SUMSQ($F14:$I14)) -> 0.52971034 | F15: =SUMPRODUCT($B$5:$E$5,$B15:$E15) -> -0.76789044 | G15: =SUMPRODUCT($B$6:$E$6,$B15:$E15) -> 1.4000588 | H15: =SUMPRODUCT($B$7:$E$7,$B15:$E15) -> 1.2904535 | I15: =SUMPRODUCT($B$8:$E$8,$B15:$E15) -> 1.2202177 | J15: =SQRT(SUMXMY2(B15:E15,B14:E14)) -> 0.10297731 | L15: =Features!A16 -> Renewables | M15: =SUMPRODUCT(Features!I16:L16,$B$42:$E$42) -> 0.7011835 | N15: =SUMPRODUCT(Features!I16:L16,$B$85:$E$85) -> 1.166668 | O15: =KMeans!F16 -> 3 | P15: =O15*100+11 -> 311 | R15: PC1 converged? | U15: =IF(J42<0.000001,"Yes","No") -> Yes
A16: 4 | B16: =F15/SQRT(SUMSQ($F15:$I15)) -> -0.32152051 | C16: =G15/SQRT(SUMSQ($F15:$I15)) -> 0.58621332 | D16: =H15/SQRT(SUMSQ($F15:$I15)) -> 0.5403209 | E16: =I15/SQRT(SUMSQ($F15:$I15)) -> 0.51091275 | F16: =SUMPRODUCT($B$5:$E$5,$B16:$E16) -> -0.80399922 | G16: =SUMPRODUCT($B$6:$E$6,$B16:$E16) -> 1.3903067 | H16: =SUMPRODUCT($B$7:$E$7,$B16:$E16) -> 1.3043163 | I16: =SUMPRODUCT($B$8:$E$8,$B16:$E16) -> 1.2021387 | J16: =SQRT(SUMXMY2(B16:E16,B15:E15)) -> 0.043418677 | L16: =Features!A17 -> Forestry | M16: =SUMPRODUCT(Features!I17:L17,$B$42:$E$42) -> 3.1864413 | N16: =SUMPRODUCT(Features!I17:L17,$B$85:$E$85) -> 0.27570459 | O16: =KMeans!F17 -> 2 | P16: =O16*100+12 -> 212 | R16: PC2 converged? | U16: =IF(J85<0.000001,"Yes","No") -> Yes
A17: 5 | B17: =F16/SQRT(SUMSQ($F16:$I16)) -> -0.33600025 | C17: =G16/SQRT(SUMSQ($F16:$I16)) -> 0.58102468 | D17: =H16/SQRT(SUMSQ($F16:$I16)) -> 0.54508833 | E17: =I16/SQRT(SUMSQ($F16:$I16)) -> 0.50238717 | F17: =SUMPRODUCT($B$5:$E$5,$B17:$E17) -> -0.81859141 | G17: =SUMPRODUCT($B$6:$E$6,$B17:$E17) -> 1.3854679 | H17: =SUMPRODUCT($B$7:$E$7,$B17:$E17) -> 1.3095798 | I17: =SUMPRODUCT($B$8:$E$8,$B17:$E17) -> 1.1937187 | J17: =SQRT(SUMXMY2(B17:E17,B16:E16)) -> 0.01822083 | L17: =Features!A18 -> Transport | M17: =SUMPRODUCT(Features!I18:L18,$B$42:$E$42) -> -0.37985929 | N17: =SUMPRODUCT(Features!I18:L18,$B$85:$E$85) -> 1.0774228 | O17: =KMeans!F18 -> 3 | P17: =O17*100+13 -> 313 | R17: Total variance = 4 (trace of a 4x4 correlation matrix). Loading signs are arbitrary.
A18: 6 | B18: =F17/SQRT(SUMSQ($F17:$I17)) -> -0.3419841 | C18: =G17/SQRT(SUMSQ($F17:$I17)) -> 0.57880889 | D18: =H17/SQRT(SUMSQ($F17:$I17)) -> 0.54710501 | E18: =I17/SQRT(SUMSQ($F17:$I17)) -> 0.49870157 | F18: =SUMPRODUCT($B$5:$E$5,$B18:$E18) -> -0.82460748 | G18: =SUMPRODUCT($B$6:$E$6,$B18:$E18) -> 1.3833095 | H18: =SUMPRODUCT($B$7:$E$7,$B18:$E18) -> 1.3116871 | I18: =SUMPRODUCT($B$8:$E$8,$B18:$E18) -> 1.190044 | J18: =SQRT(SUMXMY2(B18:E18,B17:E17)) -> 0.0076398208 | L18: =Features!A19 -> Technology | M18: =SUMPRODUCT(Features!I19:L19,$B$42:$E$42) -> -0.38842448 | N18: =SUMPRODUCT(Features!I19:L19,$B$85:$E$85) -> 1.1835452 | O18: =KMeans!F19 -> 3 | P18: =O18*100+14 -> 314
A19: 7 | B19: =F18/SQRT(SUMSQ($F18:$I18)) -> -0.34447719 | C19: =G18/SQRT(SUMSQ($F18:$I18)) -> 0.57787319 | D19: =H18/SQRT(SUMSQ($F18:$I18)) -> 0.54795319 | E19: =I18/SQRT(SUMSQ($F18:$I18)) -> 0.49713714 | F19: =SUMPRODUCT($B$5:$E$5,$B19:$E19) -> -0.82711136 | G19: =SUMPRODUCT($B$6:$E$6,$B19:$E19) -> 1.382382 | H19: =SUMPRODUCT($B$7:$E$7,$B19:$E19) -> 1.3125529 | I19: =SUMPRODUCT($B$8:$E$8,$B19:$E19) -> 1.1884782 | J19: =SQRT(SUMXMY2(B19:E19,B18:E18)) -> 0.0032028001 | L19: =Features!A20 -> Infrastructure | M19: =SUMPRODUCT(Features!I20:L20,$B$42:$E$42) -> -0.47827924 | N19: =SUMPRODUCT(Features!I20:L20,$B$85:$E$85) -> 1.5450487 | O19: =KMeans!F20 -> 3 | P19: =O19*100+15 -> 315
A20: 8 | B20: =F19/SQRT(SUMSQ($F19:$I19)) -> -0.34551961 | C20: =G19/SQRT(SUMSQ($F19:$I19)) -> 0.57747977 | D20: =H19/SQRT(SUMSQ($F19:$I19)) -> 0.54830921 | E20: =I19/SQRT(SUMSQ($F19:$I19)) -> 0.49647793 | F20: =SUMPRODUCT($B$5:$E$5,$B20:$E20) -> -0.8281578 | G20: =SUMPRODUCT($B$6:$E$6,$B20:$E20) -> 1.3819892 | H20: =SUMPRODUCT($B$7:$E$7,$B20:$E20) -> 1.3129127 | I20: =SUMPRODUCT($B$8:$E$8,$B20:$E20) -> 1.1878174 | J20: =SQRT(SUMXMY2(B20:E20,B19:E19)) -> 0.0013426541 | L20: =Features!A21 -> Other | M20: =SUMPRODUCT(Features!I21:L21,$B$42:$E$42) -> -1.008714 | N20: =SUMPRODUCT(Features!I21:L21,$B$85:$E$85) -> -0.26137643 | O20: =KMeans!F21 -> 3 | P20: =O20*100+16 -> 316
A21: 9 | B21: =F20/SQRT(SUMSQ($F20:$I20)) -> -0.34595613 | C21: =G20/SQRT(SUMSQ($F20:$I20)) -> 0.57731463 | D21: =H20/SQRT(SUMSQ($F20:$I20)) -> 0.54845852 | E21: =I20/SQRT(SUMSQ($F20:$I20)) -> 0.49620099 | F21: =SUMPRODUCT($B$5:$E$5,$B21:$E21) -> -0.82859592 | G21: =SUMPRODUCT($B$6:$E$6,$B21:$E21) -> 1.3818238 | H21: =SUMPRODUCT($B$7:$E$7,$B21:$E21) -> 1.313063 | I21: =SUMPRODUCT($B$8:$E$8,$B21:$E21) -> 1.1875397 | J21: =SQRT(SUMXMY2(B21:E21,B20:E20)) -> 0.00056285457
A22: 10 | B22: =F21/SQRT(SUMSQ($F21:$I21)) -> -0.34613904 | C22: =G21/SQRT(SUMSQ($F21:$I21)) -> 0.57724537 | D22: =H21/SQRT(SUMSQ($F21:$I21)) -> 0.54852113 | E22: =I21/SQRT(SUMSQ($F21:$I21)) -> 0.49608479 | F22: =SUMPRODUCT($B$5:$E$5,$B22:$E22) -> -0.82877948 | G22: =SUMPRODUCT($B$6:$E$6,$B22:$E22) -> 1.3817544 | H22: =SUMPRODUCT($B$7:$E$7,$B22:$E22) -> 1.3131259 | I22: =SUMPRODUCT($B$8:$E$8,$B22:$E22) -> 1.1874231 | J22: =SQRT(SUMXMY2(B22:E22,B21:E21)) -> 0.00023595428
A23: 11 | B23: =F22/SQRT(SUMSQ($F22:$I22)) -> -0.3462157 | C23: =G22/SQRT(SUMSQ($F22:$I22)) -> 0.57721633 | D23: =H22/SQRT(SUMSQ($F22:$I22)) -> 0.54854738 | E23: =I22/SQRT(SUMSQ($F22:$I22)) -> 0.49603606 | F23: =SUMPRODUCT($B$5:$E$5,$B23:$E23) -> -0.82885642 | G23: =SUMPRODUCT($B$6:$E$6,$B23:$E23) -> 1.3817252 | H23: =SUMPRODUCT($B$7:$E$7,$B23:$E23) -> 1.3131523 | I23: =SUMPRODUCT($B$8:$E$8,$B23:$E23) -> 1.1873742 | J23: =SQRT(SUMXMY2(B23:E23,B22:E22)) -> 9.8914386e-05 | L23: Scores sorted by cluster (feeds the Dashboard chart)
A24: 12 | B24: =F23/SQRT(SUMSQ($F23:$I23)) -> -0.34624783 | C24: =G23/SQRT(SUMSQ($F23:$I23)) -> 0.57720415 | D24: =H23/SQRT(SUMSQ($F23:$I23)) -> 0.54855838 | E24: =I23/SQRT(SUMSQ($F23:$I23)) -> 0.49601563 | F24: =SUMPRODUCT($B$5:$E$5,$B24:$E24) -> -0.82888867 | G24: =SUMPRODUCT($B$6:$E$6,$B24:$E24) -> 1.381713 | H24: =SUMPRODUCT($B$7:$E$7,$B24:$E24) -> 1.3131633 | I24: =SUMPRODUCT($B$8:$E$8,$B24:$E24) -> 1.1873537 | J24: =SQRT(SUMXMY2(B24:E24,B23:E23)) -> 4.1465895e-05 | L24: Sector | M24: PC1 score | N24: PC2 score | O24: Cluster | P24: Row idx
A25: 13 | B25: =F24/SQRT(SUMSQ($F24:$I24)) -> -0.3462613 | C25: =G24/SQRT(SUMSQ($F24:$I24)) -> 0.57719905 | D25: =H24/SQRT(SUMSQ($F24:$I24)) -> 0.54856299 | E25: =I24/SQRT(SUMSQ($F24:$I24)) -> 0.49600707 | F25: =SUMPRODUCT($B$5:$E$5,$B25:$E25) -> -0.82890218 | G25: =SUMPRODUCT($B$6:$E$6,$B25:$E25) -> 1.3817079 | H25: =SUMPRODUCT($B$7:$E$7,$B25:$E25) -> 1.313168 | I25: =SUMPRODUCT($B$8:$E$8,$B25:$E25) -> 1.1873451 | J25: =SQRT(SUMXMY2(B25:E25,B24:E24)) -> 1.7382915e-05 | L25: =INDEX(L$5:L$20,$P25) -> Mining | M25: =INDEX(M$5:M$20,$P25) -> -1.5170605 | N25: =INDEX(N$5:N$20,$P25) -> -1.3457853 | O25: =INDEX(O$5:O$20,$P25) -> 1 | P25: =MOD(SMALL($P$5:$P$20,1),100) -> 1
A26: 14 | B26: =F25/SQRT(SUMSQ($F25:$I25)) -> -0.34626695 | C26: =G25/SQRT(SUMSQ($F25:$I25)) -> 0.57719691 | D26: =H25/SQRT(SUMSQ($F25:$I25)) -> 0.54856493 | E26: =I25/SQRT(SUMSQ($F25:$I25)) -> 0.49600348 | F26: =SUMPRODUCT($B$5:$E$5,$B26:$E26) -> -0.82890785 | G26: =SUMPRODUCT($B$6:$E$6,$B26:$E26) -> 1.3817057 | H26: =SUMPRODUCT($B$7:$E$7,$B26:$E26) -> 1.3131699 | I26: =SUMPRODUCT($B$8:$E$8,$B26:$E26) -> 1.1873415 | J26: =SQRT(SUMXMY2(B26:E26,B25:E25)) -> 7.2870911e-06 | L26: =INDEX(L$5:L$20,$P26) -> Energy | M26: =INDEX(M$5:M$20,$P26) -> -1.5945419 | N26: =INDEX(N$5:N$20,$P26) -> -1.613388 | O26: =INDEX(O$5:O$20,$P26) -> 1 | P26: =MOD(SMALL($P$5:$P$20,2),100) -> 2
A27: 15 | B27: =F26/SQRT(SUMSQ($F26:$I26)) -> -0.34626932 | C27: =G26/SQRT(SUMSQ($F26:$I26)) -> 0.57719601 | D27: =H26/SQRT(SUMSQ($F26:$I26)) -> 0.54856574 | E27: =I26/SQRT(SUMSQ($F26:$I26)) -> 0.49600197 | F27: =SUMPRODUCT($B$5:$E$5,$B27:$E27) -> -0.82891023 | G27: =SUMPRODUCT($B$6:$E$6,$B27:$E27) -> 1.3817048 | H27: =SUMPRODUCT($B$7:$E$7,$B27:$E27) -> 1.3131707 | I27: =SUMPRODUCT($B$8:$E$8,$B27:$E27) -> 1.18734 | J27: =SQRT(SUMXMY2(B27:E27,B26:E26)) -> 3.0548211e-06 | L27: =INDEX(L$5:L$20,$P27) -> Social infrastructure | M27: =INDEX(M$5:M$20,$P27) -> -0.0425459 | N27: =INDEX(N$5:N$20,$P27) -> -1.3787266 | O27: =INDEX(O$5:O$20,$P27) -> 1 | P27: =MOD(SMALL($P$5:$P$20,3),100) -> 3
A28: 16 | B28: =F27/SQRT(SUMSQ($F27:$I27)) -> -0.34627031 | C28: =G27/SQRT(SUMSQ($F27:$I27)) -> 0.57719563 | D28: =H27/SQRT(SUMSQ($F27:$I27)) -> 0.54856608 | E28: =I27/SQRT(SUMSQ($F27:$I27)) -> 0.49600134 | F28: =SUMPRODUCT($B$5:$E$5,$B28:$E28) -> -0.82891122 | G28: =SUMPRODUCT($B$6:$E$6,$B28:$E28) -> 1.3817045 | H28: =SUMPRODUCT($B$7:$E$7,$B28:$E28) -> 1.3131711 | I28: =SUMPRODUCT($B$8:$E$8,$B28:$E28) -> 1.1873393 | J28: =SQRT(SUMXMY2(B28:E28,B27:E27)) -> 1.2806114e-06 | L28: =INDEX(L$5:L$20,$P28) -> Nuclear | M28: =INDEX(M$5:M$20,$P28) -> 4.1101016 | N28: =INDEX(N$5:N$20,$P28) -> -1.0297504 | O28: =INDEX(O$5:O$20,$P28) -> 2 | P28: =MOD(SMALL($P$5:$P$20,4),100) -> 4
A29: 17 | B29: =F28/SQRT(SUMSQ($F28:$I28)) -> -0.34627073 | C29: =G28/SQRT(SUMSQ($F28:$I28)) -> 0.57719548 | D29: =H28/SQRT(SUMSQ($F28:$I28)) -> 0.54856622 | E29: =I28/SQRT(SUMSQ($F28:$I28)) -> 0.49600108 | F29: =SUMPRODUCT($B$5:$E$5,$B29:$E29) -> -0.82891164 | G29: =SUMPRODUCT($B$6:$E$6,$B29:$E29) -> 1.3817043 | H29: =SUMPRODUCT($B$7:$E$7,$B29:$E29) -> 1.3131712 | I29: =SUMPRODUCT($B$8:$E$8,$B29:$E29) -> 1.1873391 | J29: =SQRT(SUMXMY2(B29:E29,B28:E28)) -> 5.3684502e-07 | L29: =INDEX(L$5:L$20,$P29) -> Forestry | M29: =INDEX(M$5:M$20,$P29) -> 3.1864413 | N29: =INDEX(N$5:N$20,$P29) -> 0.27570459 | O29: =INDEX(O$5:O$20,$P29) -> 2 | P29: =MOD(SMALL($P$5:$P$20,5),100) -> 12
A30: 18 | B30: =F29/SQRT(SUMSQ($F29:$I29)) -> -0.3462709 | C30: =G29/SQRT(SUMSQ($F29:$I29)) -> 0.57719541 | D30: =H29/SQRT(SUMSQ($F29:$I29)) -> 0.54856628 | E30: =I29/SQRT(SUMSQ($F29:$I29)) -> 0.49600096 | F30: =SUMPRODUCT($B$5:$E$5,$B30:$E30) -> -0.82891181 | G30: =SUMPRODUCT($B$6:$E$6,$B30:$E30) -> 1.3817042 | H30: =SUMPRODUCT($B$7:$E$7,$B30:$E30) -> 1.3131713 | I30: =SUMPRODUCT($B$8:$E$8,$B30:$E30) -> 1.187339 | J30: =SQRT(SUMXMY2(B30:E30,B29:E29)) -> 2.2505077e-07 | L30: =INDEX(L$5:L$20,$P30) -> Defence | M30: =INDEX(M$5:M$20,$P30) -> 0.1865673 | N30: =INDEX(N$5:N$20,$P30) -> -0.53991745 | O30: =INDEX(O$5:O$20,$P30) -> 3 | P30: =MOD(SMALL($P$5:$P$20,6),100) -> 5
A31: 19 | B31: =F30/SQRT(SUMSQ($F30:$I30)) -> -0.34627097 | C31: =G30/SQRT(SUMSQ($F30:$I30)) -> 0.57719538 | D31: =H30/SQRT(SUMSQ($F30:$I30)) -> 0.54856631 | E31: =I30/SQRT(SUMSQ($F30:$I30)) -> 0.49600092 | F31: =SUMPRODUCT($B$5:$E$5,$B31:$E31) -> -0.82891189 | G31: =SUMPRODUCT($B$6:$E$6,$B31:$E31) -> 1.3817042 | H31: =SUMPRODUCT($B$7:$E$7,$B31:$E31) -> 1.3131713 | I31: =SUMPRODUCT($B$8:$E$8,$B31:$E31) -> 1.1873389 | J31: =SQRT(SUMXMY2(B31:E31,B30:E30)) -> 9.4343523e-08 | L31: =INDEX(L$5:L$20,$P31) -> Agriculture | M31: =INDEX(M$5:M$20,$P31) -> -0.017078677 | N31: =INDEX(N$5:N$20,$P31) -> -0.029864626 | O31: =INDEX(O$5:O$20,$P31) -> 3 | P31: =MOD(SMALL($P$5:$P$20,7),100) -> 6
A32: 20 | B32: =F31/SQRT(SUMSQ($F31:$I31)) -> -0.34627101 | C32: =G31/SQRT(SUMSQ($F31:$I31)) -> 0.57719537 | D32: =H31/SQRT(SUMSQ($F31:$I31)) -> 0.54856632 | E32: =I31/SQRT(SUMSQ($F31:$I31)) -> 0.4960009 | F32: =SUMPRODUCT($B$5:$E$5,$B32:$E32) -> -0.82891192 | G32: =SUMPRODUCT($B$6:$E$6,$B32:$E32) -> 1.3817042 | H32: =SUMPRODUCT($B$7:$E$7,$B32:$E32) -> 1.3131713 | I32: =SUMPRODUCT($B$8:$E$8,$B32:$E32) -> 1.1873389 | J32: =SQRT(SUMXMY2(B32:E32,B31:E31)) -> 3.9549743e-08 | L32: =INDEX(L$5:L$20,$P32) -> Manufacturing | M32: =INDEX(M$5:M$20,$P32) -> -0.67415705 | N32: =INDEX(N$5:N$20,$P32) -> -0.3018833 | O32: =INDEX(O$5:O$20,$P32) -> 3 | P32: =MOD(SMALL($P$5:$P$20,8),100) -> 7
A33: 21 | B33: =F32/SQRT(SUMSQ($F32:$I32)) -> -0.34627102 | C33: =G32/SQRT(SUMSQ($F32:$I32)) -> 0.57719537 | D33: =H32/SQRT(SUMSQ($F32:$I32)) -> 0.54856632 | E33: =I32/SQRT(SUMSQ($F32:$I32)) -> 0.49600089 | F33: =SUMPRODUCT($B$5:$E$5,$B33:$E33) -> -0.82891193 | G33: =SUMPRODUCT($B$6:$E$6,$B33:$E33) -> 1.3817042 | H33: =SUMPRODUCT($B$7:$E$7,$B33:$E33) -> 1.3131713 | I33: =SUMPRODUCT($B$8:$E$8,$B33:$E33) -> 1.1873389 | J33: =SQRT(SUMXMY2(B33:E33,B32:E32)) -> 1.6579646e-08 | L33: =INDEX(L$5:L$20,$P33) -> Financial services | M33: =INDEX(M$5:M$20,$P33) -> -0.82009863 | N33: =INDEX(N$5:N$20,$P33) -> 0.18024794 | O33: =INDEX(O$5:O$20,$P33) -> 3 | P33: =MOD(SMALL($P$5:$P$20,9),100) -> 8
A34: 22 | B34: =F33/SQRT(SUMSQ($F33:$I33)) -> -0.34627102 | C34: =G33/SQRT(SUMSQ($F33:$I33)) -> 0.57719536 | D34: =H33/SQRT(SUMSQ($F33:$I33)) -> 0.54856632 | E34: =I33/SQRT(SUMSQ($F33:$I33)) -> 0.49600089 | F34: =SUMPRODUCT($B$5:$E$5,$B34:$E34) -> -0.82891194 | G34: =SUMPRODUCT($B$6:$E$6,$B34:$E34) -> 1.3817042 | H34: =SUMPRODUCT($B$7:$E$7,$B34:$E34) -> 1.3131713 | I34: =SUMPRODUCT($B$8:$E$8,$B34:$E34) -> 1.1873389 | J34: =SQRT(SUMXMY2(B34:E34,B33:E33)) -> 6.9503524e-09 | L34: =INDEX(L$5:L$20,$P34) -> Gaming & entertainment | M34: =INDEX(M$5:M$20,$P34) -> -0.52763998 | N34: =INDEX(N$5:N$20,$P34) -> 0.19516423 | O34: =INDEX(O$5:O$20,$P34) -> 3 | P34: =MOD(SMALL($P$5:$P$20,10),100) -> 9
A35: 23 | B35: =F34/SQRT(SUMSQ($F34:$I34)) -> -0.34627103 | C35: =G34/SQRT(SUMSQ($F34:$I34)) -> 0.57719536 | D35: =H34/SQRT(SUMSQ($F34:$I34)) -> 0.54856632 | E35: =I34/SQRT(SUMSQ($F34:$I34)) -> 0.49600089 | F35: =SUMPRODUCT($B$5:$E$5,$B35:$E35) -> -0.82891194 | G35: =SUMPRODUCT($B$6:$E$6,$B35:$E35) -> 1.3817042 | H35: =SUMPRODUCT($B$7:$E$7,$B35:$E35) -> 1.3131713 | I35: =SUMPRODUCT($B$8:$E$8,$B35:$E35) -> 1.1873389 | J35: =SQRT(SUMXMY2(B35:E35,B34:E34)) -> 2.9136569e-09 | L35: =INDEX(L$5:L$20,$P35) -> Chemicals & pharmaceuticals | M35: =INDEX(M$5:M$20,$P35) -> -0.73589401 | N35: =INDEX(N$5:N$20,$P35) -> 0.87689066 | O35: =INDEX(O$5:O$20,$P35) -> 3 | P35: =MOD(SMALL($P$5:$P$20,11),100) -> 10
A36: 24 | B36: =F35/SQRT(SUMSQ($F35:$I35)) -> -0.34627103 | C36: =G35/SQRT(SUMSQ($F35:$I35)) -> 0.57719536 | D36: =H35/SQRT(SUMSQ($F35:$I35)) -> 0.54856632 | E36: =I35/SQRT(SUMSQ($F35:$I35)) -> 0.49600089 | F36: =SUMPRODUCT($B$5:$E$5,$B36:$E36) -> -0.82891194 | G36: =SUMPRODUCT($B$6:$E$6,$B36:$E36) -> 1.3817042 | H36: =SUMPRODUCT($B$7:$E$7,$B36:$E36) -> 1.3131713 | I36: =SUMPRODUCT($B$8:$E$8,$B36:$E36) -> 1.1873389 | J36: =SQRT(SUMXMY2(B36:E36,B35:E35)) -> 1.2214339e-09 | L36: =INDEX(L$5:L$20,$P36) -> Renewables | M36: =INDEX(M$5:M$20,$P36) -> 0.7011835 | N36: =INDEX(N$5:N$20,$P36) -> 1.166668 | O36: =INDEX(O$5:O$20,$P36) -> 3 | P36: =MOD(SMALL($P$5:$P$20,12),100) -> 11
A37: 25 | B37: =F36/SQRT(SUMSQ($F36:$I36)) -> -0.34627103 | C37: =G36/SQRT(SUMSQ($F36:$I36)) -> 0.57719536 | D37: =H36/SQRT(SUMSQ($F36:$I36)) -> 0.54856632 | E37: =I36/SQRT(SUMSQ($F36:$I36)) -> 0.49600089 | F37: =SUMPRODUCT($B$5:$E$5,$B37:$E37) -> -0.82891194 | G37: =SUMPRODUCT($B$6:$E$6,$B37:$E37) -> 1.3817042 | H37: =SUMPRODUCT($B$7:$E$7,$B37:$E37) -> 1.3131713 | I37: =SUMPRODUCT($B$8:$E$8,$B37:$E37) -> 1.1873389 | J37: =SQRT(SUMXMY2(B37:E37,B36:E36)) -> 5.1203727e-10 | L37: =INDEX(L$5:L$20,$P37) -> Transport | M37: =INDEX(M$5:M$20,$P37) -> -0.37985929 | N37: =INDEX(N$5:N$20,$P37) -> 1.0774228 | O37: =INDEX(O$5:O$20,$P37) -> 3 | P37: =MOD(SMALL($P$5:$P$20,13),100) -> 13
A38: 26 | B38: =F37/SQRT(SUMSQ($F37:$I37)) -> -0.34627103 | C38: =G37/SQRT(SUMSQ($F37:$I37)) -> 0.57719536 | D38: =H37/SQRT(SUMSQ($F37:$I37)) -> 0.54856632 | E38: =I37/SQRT(SUMSQ($F37:$I37)) -> 0.49600088 | F38: =SUMPRODUCT($B$5:$E$5,$B38:$E38) -> -0.82891194 | G38: =SUMPRODUCT($B$6:$E$6,$B38:$E38) -> 1.3817042 | H38: =SUMPRODUCT($B$7:$E$7,$B38:$E38) -> 1.3131713 | I38: =SUMPRODUCT($B$8:$E$8,$B38:$E38) -> 1.1873389 | J38: =SQRT(SUMXMY2(B38:E38,B37:E37)) -> 2.1465109e-10 | L38: =INDEX(L$5:L$20,$P38) -> Technology | M38: =INDEX(M$5:M$20,$P38) -> -0.38842448 | N38: =INDEX(N$5:N$20,$P38) -> 1.1835452 | O38: =INDEX(O$5:O$20,$P38) -> 3 | P38: =MOD(SMALL($P$5:$P$20,14),100) -> 14
A39: 27 | B39: =F38/SQRT(SUMSQ($F38:$I38)) -> -0.34627103 | C39: =G38/SQRT(SUMSQ($F38:$I38)) -> 0.57719536 | D39: =H38/SQRT(SUMSQ($F38:$I38)) -> 0.54856632 | E39: =I38/SQRT(SUMSQ($F38:$I38)) -> 0.49600088 | F39: =SUMPRODUCT($B$5:$E$5,$B39:$E39) -> -0.82891194 | G39: =SUMPRODUCT($B$6:$E$6,$B39:$E39) -> 1.3817042 | H39: =SUMPRODUCT($B$7:$E$7,$B39:$E39) -> 1.3131713 | I39: =SUMPRODUCT($B$8:$E$8,$B39:$E39) -> 1.1873389 | J39: =SQRT(SUMXMY2(B39:E39,B38:E38)) -> 8.9983915e-11 | L39: =INDEX(L$5:L$20,$P39) -> Infrastructure | M39: =INDEX(M$5:M$20,$P39) -> -0.47827924 | N39: =INDEX(N$5:N$20,$P39) -> 1.5450487 | O39: =INDEX(O$5:O$20,$P39) -> 3 | P39: =MOD(SMALL($P$5:$P$20,15),100) -> 15
A40: 28 | B40: =F39/SQRT(SUMSQ($F39:$I39)) -> -0.34627103 | C40: =G39/SQRT(SUMSQ($F39:$I39)) -> 0.57719536 | D40: =H39/SQRT(SUMSQ($F39:$I39)) -> 0.54856632 | E40: =I39/SQRT(SUMSQ($F39:$I39)) -> 0.49600088 | F40: =SUMPRODUCT($B$5:$E$5,$B40:$E40) -> -0.82891194 | G40: =SUMPRODUCT($B$6:$E$6,$B40:$E40) -> 1.3817042 | H40: =SUMPRODUCT($B$7:$E$7,$B40:$E40) -> 1.3131713 | I40: =SUMPRODUCT($B$8:$E$8,$B40:$E40) -> 1.1873389 | J40: =SQRT(SUMXMY2(B40:E40,B39:E39)) -> 3.772217e-11 | L40: =INDEX(L$5:L$20,$P40) -> Other | M40: =INDEX(M$5:M$20,$P40) -> -1.008714 | N40: =INDEX(N$5:N$20,$P40) -> -0.26137643 | O40: =INDEX(O$5:O$20,$P40) -> 3 | P40: =MOD(SMALL($P$5:$P$20,16),100) -> 16
A41: 29 | B41: =F40/SQRT(SUMSQ($F40:$I40)) -> -0.34627103 | C41: =G40/SQRT(SUMSQ($F40:$I40)) -> 0.57719536 | D41: =H40/SQRT(SUMSQ($F40:$I40)) -> 0.54856632 | E41: =I40/SQRT(SUMSQ($F40:$I40)) -> 0.49600088 | F41: =SUMPRODUCT($B$5:$E$5,$B41:$E41) -> -0.82891194 | G41: =SUMPRODUCT($B$6:$E$6,$B41:$E41) -> 1.3817042 | H41: =SUMPRODUCT($B$7:$E$7,$B41:$E41) -> 1.3131713 | I41: =SUMPRODUCT($B$8:$E$8,$B41:$E41) -> 1.1873389 | J41: =SQRT(SUMXMY2(B41:E41,B40:E40)) -> 1.5813517e-11
A42: 30 | B42: =F41/SQRT(SUMSQ($F41:$I41)) -> -0.34627103 | C42: =G41/SQRT(SUMSQ($F41:$I41)) -> 0.57719536 | D42: =H41/SQRT(SUMSQ($F41:$I41)) -> 0.54856632 | E42: =I41/SQRT(SUMSQ($F41:$I41)) -> 0.49600088 | F42: =SUMPRODUCT($B$5:$E$5,$B42:$E42) -> -0.82891194 | G42: =SUMPRODUCT($B$6:$E$6,$B42:$E42) -> 1.3817042 | H42: =SUMPRODUCT($B$7:$E$7,$B42:$E42) -> 1.3131713 | I42: =SUMPRODUCT($B$8:$E$8,$B42:$E42) -> 1.1873389 | J42: =SQRT(SUMXMY2(B42:E42,B41:E41)) -> 6.6291558e-12
A45: Deflated matrix C2 = C - λ1·v1·v1ᵀ (removes PC1 so PC2 can be extracted)
B46: ln(avg volume) | C46: YoY growth FY24 | D46: Volatility (CV) | E46: Relative trend
A47: ln(avg volume) | B47: =B5-$S$5*B$42*B$42 -> 0.71297181 | C47: =C5-$S$5*B$42*C$42 -> 0.24432384 | D47: =D5-$S$5*B$42*D$42 -> -0.059524637 | E47: =E5-$S$5*B$42*E$42 -> 0.27925777
A48: YoY growth FY24 | B48: =B6-$S$5*C$42*B$42 -> 0.24432384 | C48: =C6-$S$5*C$42*C$42 -> 0.20248675 | D48: =D6-$S$5*C$42*D$42 -> -0.096192398 | E48: =E6-$S$5*C$42*E$42 -> 0.041322033
A49: Volatility (CV) | B49: =B7-$S$5*D$42*B$42 -> -0.059524637 | C49: =C7-$S$5*D$42*C$42 -> -0.096192398 | D49: =D7-$S$5*D$42*D$42 -> 0.27963845 | E49: =E7-$S$5*D$42*E$42 -> -0.23889087
A50: Relative trend | B50: =B8-$S$5*E$42*B$42 -> 0.27925777 | C50: =C8-$S$5*E$42*C$42 -> 0.041322033 | D50: =D8-$S$5*E$42*D$42 -> -0.23889087 | E50: =E8-$S$5*E$42*E$42 -> 0.41107886
A53: PC2: power iteration on C2
A54: Iter | B54: v1 | C54: v2 | D54: v3 | E54: v4 | F54: C·v 1 | G54: C·v 2 | H54: C·v 3 | I54: C·v 4 | J54: Change
A55: 0 | B55: 0.5 | C55: -0.5 | D55: 0.5 | E55: -0.5 | F55: =SUMPRODUCT($B$47:$E$47,$B55:$E55) -> 0.064932778 | G55: =SUMPRODUCT($B$48:$E$48,$B55:$E55) -> -0.04783867 | H55: =SUMPRODUCT($B$49:$E$49,$B55:$E55) -> 0.27759854 | I55: =SUMPRODUCT($B$50:$E$50,$B55:$E55) -> -0.206017
A56: 1 | B56: =F55/SQRT(SUMSQ($F55:$I55)) -> 0.18292102 | C56: =G55/SQRT(SUMSQ($F55:$I55)) -> -0.1347655 | D56: =H55/SQRT(SUMSQ($F55:$I55)) -> 0.78201812 | E56: =I55/SQRT(SUMSQ($F55:$I55)) -> -0.58036697 | F56: =SUMPRODUCT($B$47:$E$47,$B56:$E56) -> -0.11113023 | G56: =SUMPRODUCT($B$48:$E$48,$B56:$E56) -> -0.081802403 | H56: =SUMPRODUCT($B$49:$E$49,$B56:$E56) -> 0.35940181 | I56: =SUMPRODUCT($B$50:$E$50,$B56:$E56) -> -0.37988025 | J56: =SQRT(SUMXMY2(B56:E56,B55:E55)) -> 0.56562212
A57: 2 | B57: =F56/SQRT(SUMSQ($F56:$I56)) -> -0.20547275 | C57: =G56/SQRT(SUMSQ($F56:$I56)) -> -0.15124747 | D57: =H56/SQRT(SUMSQ($F56:$I56)) -> 0.66451121 | E57: =I56/SQRT(SUMSQ($F56:$I56)) -> -0.70237455 | F57: =SUMPRODUCT($B$47:$E$47,$B57:$E57) -> -0.41914798 | G57: =SUMPRODUCT($B$48:$E$48,$B57:$E57) -> -0.17377197 | H57: =SUMPRODUCT($B$49:$E$49,$B57:$E57) -> 0.3803933 | I57: =SUMPRODUCT($B$50:$E$50,$B57:$E57) -> -0.51110671 | J57: =SQRT(SUMXMY2(B57:E57,B56:E56)) -> 0.42404611
A58: 3 | B58: =F57/SQRT(SUMSQ($F57:$I57)) -> -0.53586919 | C58: =G57/SQRT(SUMSQ($F57:$I57)) -> -0.2221627 | D58: =H57/SQRT(SUMSQ($F57:$I57)) -> 0.48632239 | E58: =I57/SQRT(SUMSQ($F57:$I57)) -> -0.6534359 | F58: =SUMPRODUCT($B$47:$E$47,$B58:$E58) -> -0.64776449 | G58: =SUMPRODUCT($B$48:$E$48,$B58:$E58) -> -0.24969244 | H58: =SUMPRODUCT($B$49:$E$49,$B58:$E58) -> 0.34536209 | I58: =SUMPRODUCT($B$50:$E$50,$B58:$E58) -> -0.54361752 | J58: =SQRT(SUMXMY2(B58:E58,B57:E57)) -> 0.38514546
A59: 4 | B59: =F58/SQRT(SUMSQ($F58:$I58)) -> -0.68404368 | C59: =G58/SQRT(SUMSQ($F58:$I58)) -> -0.2636769 | D59: =H58/SQRT(SUMSQ($F58:$I58)) -> 0.3647047 | E59: =I58/SQRT(SUMSQ($F58:$I58)) -> -0.57406377 | F59: =SUMPRODUCT($B$47:$E$47,$B59:$E59) -> -0.7341471 | G59: =SUMPRODUCT($B$48:$E$48,$B59:$E59) -> -0.27932256 | H59: =SUMPRODUCT($B$49:$E$49,$B59:$E59) -> 0.30520522 | I59: =SUMPRODUCT($B$50:$E$50,$B59:$E59) -> -0.52503029 | J59: =SQRT(SUMXMY2(B59:E59,B58:E58)) -> 0.211589
A60: 5 | B60: =F59/SQRT(SUMSQ($F59:$I59)) -> -0.73941569 | C60: =G59/SQRT(SUMSQ($F59:$I59)) -> -0.28132711 | D60: =H59/SQRT(SUMSQ($F59:$I59)) -> 0.30739552 | E60: =I59/SQRT(SUMSQ($F59:$I59)) -> -0.52879816 | F60: =SUMPRODUCT($B$47:$E$47,$B60:$E60) -> -0.76188607 | G60: =SUMPRODUCT($B$48:$E$48,$B60:$E60) -> -0.28904202 | H60: =SUMPRODUCT($B$49:$E$49,$B60:$E60) -> 0.28335964 | I60: =SUMPRODUCT($B$50:$E$50,$B60:$E60) -> -0.50892431 | J60: =SQRT(SUMXMY2(B60:E60,B59:E59)) -> 0.093332248
A61: 6 | B61: =F60/SQRT(SUMSQ($F60:$I60)) -> -0.76062739 | C61: =G60/SQRT(SUMSQ($F60:$I60)) -> -0.28856451 | D61: =H60/SQRT(SUMSQ($F60:$I60)) -> 0.28289151 | E61: =I60/SQRT(SUMSQ($F60:$I60)) -> -0.50808354 | F61: =SUMPRODUCT($B$47:$E$47,$B61:$E61) -> -0.77153437 | G61: =SUMPRODUCT($B$48:$E$48,$B61:$E61) -> -0.29247696 | H61: =SUMPRODUCT($B$49:$E$49,$B61:$E61) -> 0.27351765 | I61: =SUMPRODUCT($B$50:$E$50,$B61:$E61) -> -0.50077779 | J61: =SQRT(SUMXMY2(B61:E61,B60:E60)) -> 0.03913895
A62: 7 | B62: =F61/SQRT(SUMSQ($F61:$I61)) -> -0.76907788 | C62: =G61/SQRT(SUMSQ($F61:$I61)) -> -0.29154574 | D62: =H61/SQRT(SUMSQ($F61:$I61)) -> 0.27264679 | E62: =I61/SQRT(SUMSQ($F61:$I61)) -> -0.49918336 | F62: =SUMPRODUCT($B$47:$E$47,$B62:$E62) -> -0.77519246 | G62: =SUMPRODUCT($B$48:$E$48,$B62:$E62) -> -0.29379203 | H62: =SUMPRODUCT($B$49:$E$49,$B62:$E62) -> 0.26931644 | I62: =SUMPRODUCT($B$50:$E$50,$B62:$E62) -> -0.4971548 | J62: =SQRT(SUMXMY2(B62:E62,B61:E61)) -> 0.016262412
A63: 8 | B63: =F62/SQRT(SUMSQ($F62:$I62)) -> -0.77251978 | C63: =G62/SQRT(SUMSQ($F62:$I62)) -> -0.29277911 | D63: =H62/SQRT(SUMSQ($F62:$I62)) -> 0.2683879 | E63: =I62/SQRT(SUMSQ($F62:$I62)) -> -0.49544073 | F63: =SUMPRODUCT($B$47:$E$47,$B63:$E63) -> -0.77664911 | G63: =SUMPRODUCT($B$48:$E$48,$B63:$E63) -> -0.29431839 | H63: =SUMPRODUCT($B$49:$E$49,$B63:$E63) -> 0.26755493 | I63: =SUMPRODUCT($B$50:$E$50,$B63:$E63) -> -0.49561101 | J63: =SQRT(SUMXMY2(B63:E63,B62:E62)) -> 0.0067463583
A64: 9 | B64: =F63/SQRT(SUMSQ($F63:$I63)) -> -0.77393616 | C64: =G63/SQRT(SUMSQ($F63:$I63)) -> -0.29329029 | D64: =H63/SQRT(SUMSQ($F63:$I63)) -> 0.26662032 | E64: =I63/SQRT(SUMSQ($F63:$I63)) -> -0.49387977 | F64: =SUMPRODUCT($B$47:$E$47,$B64:$E64) -> -0.77724272 | G64: =SUMPRODUCT($B$48:$E$48,$B64:$E64) -> -0.29453342 | H64: =SUMPRODUCT($B$49:$E$49,$B64:$E64) -> 0.26682123 | I64: =SUMPRODUCT($B$50:$E$50,$B64:$E64) -> -0.49496374 | J64: =SQRT(SUMXMY2(B64:E64,B63:E63)) -> 0.0027979225
A65: 10 | B65: =F64/SQRT(SUMSQ($F64:$I64)) -> -0.77452163 | C65: =G64/SQRT(SUMSQ($F64:$I64)) -> -0.29350227 | D65: =H64/SQRT(SUMSQ($F64:$I64)) -> 0.2658871 | E65: =I64/SQRT(SUMSQ($F64:$I64)) -> -0.49323089 | F65: =SUMPRODUCT($B$47:$E$47,$B65:$E65) -> -0.77748709 | G65: =SUMPRODUCT($B$48:$E$48,$B65:$E65) -> -0.29462204 | H65: =SUMPRODUCT($B$49:$E$49,$B65:$E65) -> 0.26651642 | I65: =SUMPRODUCT($B$50:$E$50,$B65:$E65) -> -0.49469409 | J65: =SQRT(SUMXMY2(B65:E65,B64:E64)) -> 0.0011603308
A66: 11 | B66: =F65/SQRT(SUMSQ($F65:$I65)) -> -0.7747641 | C66: =G65/SQRT(SUMSQ($F65:$I65)) -> -0.29359019 | D66: =H65/SQRT(SUMSQ($F65:$I65)) -> 0.265583 | E66: =I65/SQRT(SUMSQ($F65:$I65)) -> -0.49296153 | F66: =SUMPRODUCT($B$47:$E$47,$B66:$E66) -> -0.77758811 | G66: =SUMPRODUCT($B$48:$E$48,$B66:$E66) -> -0.2946587 | H66: =SUMPRODUCT($B$49:$E$49,$B66:$E66) -> 0.26638992 | I66: =SUMPRODUCT($B$50:$E$50,$B66:$E66) -> -0.49458206 | J66: =SQRT(SUMXMY2(B66:E66,B65:E65)) -> 0.00048119878
A67: 12 | B67: =F66/SQRT(SUMSQ($F66:$I66)) -> -0.77486459 | C67: =G66/SQRT(SUMSQ($F66:$I66)) -> -0.29362665 | D67: =H66/SQRT(SUMSQ($F66:$I66)) -> 0.26545688 | E67: =I66/SQRT(SUMSQ($F66:$I66)) -> -0.49284977 | F67: =SUMPRODUCT($B$47:$E$47,$B67:$E67) -> -0.77762996 | G67: =SUMPRODUCT($B$48:$E$48,$B67:$E67) -> -0.29467389 | H67: =SUMPRODUCT($B$49:$E$49,$B67:$E67) -> 0.26633745 | I67: =SUMPRODUCT($B$50:$E$50,$B67:$E67) -> -0.49453556 | J67: =SQRT(SUMXMY2(B67:E67,B66:E66)) -> 0.00019955685
... A85: 30 | B85: =F84/SQRT(SUMSQ($F84:$I84)) -> -0.77493578 | C85: =G84/SQRT(SUMSQ($F84:$I84)) -> -0.29365249 | D85: =H84/SQRT(SUMSQ($F84:$I84)) -> 0.26536753 | E85: =I84/SQRT(SUMSQ($F84:$I84)) -> -0.49277057 | F85: =SUMPRODUCT($B$47:$E$47,$B85:$E85) -> -0.77765959 | G85: =SUMPRODUCT($B$48:$E$48,$B85:$E85) -> -0.29468465 | H85: =SUMPRODUCT($B$49:$E$49,$B85:$E85) -> 0.26630026 | I85: =SUMPRODUCT($B$50:$E$50,$B85:$E85) -> -0.4945026 | J85: =SQRT(SUMXMY2(B85:E85,B84:E84)) -> 2.6267795e-11

Sheet KMeans
A1: Step 3: K-means clustering (k = 3) on the standardised features
A2: Each iteration: distance of every sector to the 3 cluster centres, assign to nearest, recompute cluster centres as cluster means (cluster centre tables below).
G4: Iteration 0 | K4: Iteration 1 | O4: Iteration 2 | S4: Iteration 3 | W4: Iteration 4 | AA4: Iteration 5 | AE4: Iteration 6 | AI4: Iteration 7
A5: Sector | B5: z: ln(avg volume) | C5: z: YoY growth FY24 | D5: z: Volatility (CV) | E5: z: Relative trend | F5: Final cluster | G5: d to C1 | H5: d to C2 | I5: d to C3 | J5: Cluster | K5: d to C1 | L5: d to C2 | M5: d to C3 | N5: Cluster | O5: d to C1 | P5: d to C2 | Q5: d to C3 | R5: Cluster | S5: d to C1 | T5: d to C2 | U5: d to C3 | V5: Cluster | W5: d to C1 | X5: d to C2 | Y5: d to C3 | Z5: Cluster | AA5: d to C1 | AB5: d to C2 | AC5: d to C3 | AD5: Cluster | AE5: d to C1 | AF5: d to C2 | AG5: d to C3 | AH5: Cluster | AI5: d to C1 | AJ5: d to C2 | AK5: d to C3 | AL5: Cluster | AM5: Dist to own cluster centre
A6: =Features!A6 -> Mining | B6: =Features!I6 -> 2.2282166 | C6: =Features!J6 -> -0.72394527 | D6: =Features!K6 -> -0.19392696 | E6: =Features!L6 -> -0.44607581 | F6: =AL6 -> 1 | G6: =SQRT(SUMXMY2($B6:$E6,$B28:$E28)) -> 0 | H6: =SQRT(SUMXMY2($B6:$E6,$B29:$E29)) -> 5.7422462 | I6: =SQRT(SUMXMY2($B6:$E6,$B30:$E30)) -> 3.0386174 | J6: =MATCH(MIN(G6:I6),G6:I6,0) -> 1 | K6: =SQRT(SUMXMY2($B6:$E6,$B33:$E33)) -> 0.96280949 | L6: =SQRT(SUMXMY2($B6:$E6,$B34:$E34)) -> 5.377233 | M6: =SQRT(SUMXMY2($B6:$E6,$B35:$E35)) -> 2.5650793 | N6: =MATCH(MIN(K6:M6),K6:M6,0) -> 1 | O6: =SQRT(SUMXMY2($B6:$E6,$B38:$E38)) -> 0.96280949 | P6: =SQRT(SUMXMY2($B6:$E6,$B39:$E39)) -> 5.377233 | Q6: =SQRT(SUMXMY2($B6:$E6,$B40:$E40)) -> 2.5650793 | R6: =MATCH(MIN(O6:Q6),O6:Q6,0) -> 1 | S6: =SQRT(SUMXMY2($B6:$E6,$B43:$E43)) -> 0.96280949 | T6: =SQRT(SUMXMY2($B6:$E6,$B44:$E44)) -> 5.377233 | U6: =SQRT(SUMXMY2($B6:$E6,$B45:$E45)) -> 2.5650793 | V6: =MATCH(MIN(S6:U6),S6:U6,0) -> 1 | W6: =SQRT(SUMXMY2($B6:$E6,$B48:$E48)) -> 0.96280949 | X6: =SQRT(SUMXMY2($B6:$E6,$B49:$E49)) -> 5.377233 | Y6: =SQRT(SUMXMY2($B6:$E6,$B50:$E50)) -> 2.5650793 | Z6: =MATCH(MIN(W6:Y6),W6:Y6,0) -> 1 | AA6: =SQRT(SUMXMY2($B6:$E6,$B53:$E53)) -> 0.96280949 | AB6: =SQRT(SUMXMY2($B6:$E6,$B54:$E54)) -> 5.377233 | AC6: =SQRT(SUMXMY2($B6:$E6,$B55:$E55)) -> 2.5650793 | AD6: =MATCH(MIN(AA6:AC6),AA6:AC6,0) -> 1 | AE6: =SQRT(SUMXMY2($B6:$E6,$B58:$E58)) -> 0.96280949 | AF6: =SQRT(SUMXMY2($B6:$E6,$B59:$E59)) -> 5.377233 | AG6: =SQRT(SUMXMY2($B6:$E6,$B60:$E60)) -> 2.5650793 | AH6: =MATCH(MIN(AE6:AG6),AE6:AG6,0) -> 1 | AI6: =SQRT(SUMXMY2($B6:$E6,$B63:$E63)) -> 0.96280949 | AJ6: =SQRT(SUMXMY2($B6:$E6,$B64:$E64)) -> 5.377233 | AK6: =SQRT(SUMXMY2($B6:$E6,$B65:$E65)) -> 2.5650793 | AL6: =MATCH(MIN(AI6:AK6),AI6:AK6,0) -> 1 | AM6: =INDEX(AI6:AK6,AL6) -> 0.96280949
A7: =Features!A7 -> Energy | B7: =Features!I7 -> 2.0162355 | C7: =Features!J7 -> -0.34335418 | D7: =Features!K7 -> -1.0432511 | E7: =Features!L7 -> -0.25383652 | F7: =AL7 -> 1 | G7: =SQRT(SUMXMY2($B7:$E7,$B28:$E28)) -> 0.97370062 | H7: =SQRT(SUMXMY2($B7:$E7,$B29:$E29)) -> 5.7556104 | I7: =SQRT(SUMXMY2($B7:$E7,$B30:$E30)) -> 3.0623542 | J7: =MATCH(MIN(G7:I7),G7:I7,0) -> 1 | K7: =SQRT(SUMXMY2($B7:$E7,$B33:$E33)) -> 0.58874148 | L7: =SQRT(SUMXMY2($B7:$E7,$B34:$E34)) -> 5.4081501 | M7: =SQRT(SUMXMY2($B7:$E7,$B35:$E35)) -> 2.4719236 | N7: =MATCH(MIN(K7:M7),K7:M7,0) -> 1 | O7: =SQRT(SUMXMY2($B7:$E7,$B38:$E38)) -> 0.58874148 | P7: =SQRT(SUMXMY2($B7:$E7,$B39:$E39)) -> 5.4081501 | Q7: =SQRT(SUMXMY2($B7:$E7,$B40:$E40)) -> 2.4719236 | R7: =MATCH(MIN(O7:Q7),O7:Q7,0) -> 1 | S7: =SQRT(SUMXMY2($B7:$E7,$B43:$E43)) -> 0.58874148 | T7: =SQRT(SUMXMY2($B7:$E7,$B44:$E44)) -> 5.4081501 | U7: =SQRT(SUMXMY2($B7:$E7,$B45:$E45)) -> 2.4719236 | V7: =MATCH(MIN(S7:U7),S7:U7,0) -> 1 | W7: =SQRT(SUMXMY2($B7:$E7,$B48:$E48)) -> 0.58874148 | X7: =SQRT(SUMXMY2($B7:$E7,$B49:$E49)) -> 5.4081501 | Y7: =SQRT(SUMXMY2($B7:$E7,$B50:$E50)) -> 2.4719236 | Z7: =MATCH(MIN(W7:Y7),W7:Y7,0) -> 1 | AA7: =SQRT(SUMXMY2($B7:$E7,$B53:$E53)) -> 0.58874148 | AB7: =SQRT(SUMXMY2($B7:$E7,$B54:$E54)) -> 5.4081501 | AC7: =SQRT(SUMXMY2($B7:$E7,$B55:$E55)) -> 2.4719236 | AD7: =MATCH(MIN(AA7:AC7),AA7:AC7,0) -> 1 | AE7: =SQRT(SUMXMY2($B7:$E7,$B58:$E58)) -> 0.58874148 | AF7: =SQRT(SUMXMY2($B7:$E7,$B59:$E59)) -> 5.4081501 | AG7: =SQRT(SUMXMY2($B7:$E7,$B60:$E60)) -> 2.4719236 | AH7: =MATCH(MIN(AE7:AG7),AE7:AG7,0) -> 1 | AI7: =SQRT(SUMXMY2($B7:$E7,$B63:$E63)) -> 0.58874148 | AJ7: =SQRT(SUMXMY2($B7:$E7,$B64:$E64)) -> 5.4081501 | AK7: =SQRT(SUMXMY2($B7:$E7,$B65:$E65)) -> 2.4719236 | AL7: =MATCH(MIN(AI7:AK7),AI7:AK7,0) -> 1 | AM7: =INDEX(AI7:AK7,AL7) -> 0.58874148
A8: =Features!A8 -> Social infrastructure | B8: =Features!I8 -> 0.9234591 | C8: =Features!J8 -> 0.48894622 | D8: =Features!K8 -> -0.64722817 | E8: =Features!L8 -> 0.70574737 | F8: =AL8 -> 1 | G8: =SQRT(SUMXMY2($B8:$E8,$B28:$E28)) -> 2.1692571 | H8: =SQRT(SUMXMY2($B8:$E8,$B29:$E29)) -> 4.2872111 | I8: =SQRT(SUMXMY2($B8:$E8,$B30:$E30)) -> 2.6236998 | J8: =MATCH(MIN(G8:I8),G8:I8,0) -> 1 | K8: =SQRT(SUMXMY2($B8:$E8,$B33:$E33)) -> 1.2645728 | L8: =SQRT(SUMXMY2($B8:$E8,$B34:$E34)) -> 3.861511 | M8: =SQRT(SUMXMY2($B8:$E8,$B35:$E35)) -> 1.8804576 | N8: =MATCH(MIN(K8:M8),K8:M8,0) -> 1 | O8: =SQRT(SUMXMY2($B8:$E8,$B38:$E38)) -> 1.2645728 | P8: =SQRT(SUMXMY2($B8:$E8,$B39:$E39)) -> 3.861511 | Q8: =SQRT(SUMXMY2($B8:$E8,$B40:$E40)) -> 1.8804576 | R8: =MATCH(MIN(O8:Q8),O8:Q8,0) -> 1 | S8: =SQRT(SUMXMY2($B8:$E8,$B43:$E43)) -> 1.2645728 | T8: =SQRT(SUMXMY2($B8:$E8,$B44:$E44)) -> 3.861511 | U8: =SQRT(SUMXMY2($B8:$E8,$B45:$E45)) -> 1.8804576 | V8: =MATCH(MIN(S8:U8),S8:U8,0) -> 1 | W8: =SQRT(SUMXMY2($B8:$E8,$B48:$E48)) -> 1.2645728 | X8: =SQRT(SUMXMY2($B8:$E8,$B49:$E49)) -> 3.861511 | Y8: =SQRT(SUMXMY2($B8:$E8,$B50:$E50)) -> 1.8804576 | Z8: =MATCH(MIN(W8:Y8),W8:Y8,0) -> 1 | AA8: =SQRT(SUMXMY2($B8:$E8,$B53:$E53)) -> 1.2645728 | AB8: =SQRT(SUMXMY2($B8:$E8,$B54:$E54)) -> 3.861511 | AC8: =SQRT(SUMXMY2($B8:$E8,$B55:$E55)) -> 1.8804576 | AD8: =MATCH(MIN(AA8:AC8),AA8:AC8,0) -> 1 | AE8: =SQRT(SUMXMY2($B8:$E8,$B58:$E58)) -> 1.2645728 | AF8: =SQRT(SUMXMY2($B8:$E8,$B59:$E59)) -> 3.861511 | AG8: =SQRT(SUMXMY2($B8:$E8,$B60:$E60)) -> 1.8804576 | AH8: =MATCH(MIN(AE8:AG8),AE8:AG8,0) -> 1 | AI8: =SQRT(SUMXMY2($B8:$E8,$B63:$E63)) -> 1.2645728 | AJ8: =SQRT(SUMXMY2($B8:$E8,$B64:$E64)) -> 3.861511 | AK8: =SQRT(SUMXMY2($B8:$E8,$B65:$E65)) -> 1.8804576 | AL8: =MATCH(MIN(AI8:AK8),AI8:AK8,0) -> 1 | AM8: =INDEX(AI8:AK8,AL8) -> 1.2645728
A9: =Features!A9 -> Nuclear | B9: =Features!I9 -> -0.32495391 | C9: =Features!J9 -> 3.1232857 | D9: =Features!K9 -> 2.2411376 | E9: =Features!L9 -> 1.9464095 | F9: =AL9 -> 2 | G9: =SQRT(SUMXMY2($B9:$E9,$B28:$E28)) -> 5.7422462 | H9: =SQRT(SUMXMY2($B9:$E9,$B29:$E29)) -> 0 | I9: =SQRT(SUMXMY2($B9:$E9,$B30:$E30)) -> 5.0457921 | J9: =MATCH(MIN(G9:I9),G9:I9,0) -> 2 | K9: =SQRT(SUMXMY2($B9:$E9,$B33:$E33)) -> 5.215613 | L9: =SQRT(SUMXMY2($B9:$E9,$B34:$E34)) -> 1.2517852 | M9: =SQRT(SUMXMY2($B9:$E9,$B35:$E35)) -> 4.8183523 | N9: =MATCH(MIN(K9:M9),K9:M9,0) -> 2 | O9: =SQRT(SUMXMY2($B9:$E9,$B38:$E38)) -> 5.215613 | P9: =SQRT(SUMXMY2($B9:$E9,$B39:$E39)) -> 1.2517852 | Q9: =SQRT(SUMXMY2($B9:$E9,$B40:$E40)) -> 4.8183523 | R9: =MATCH(MIN(O9:Q9),O9:Q9,0) -> 2 | S9: =SQRT(SUMXMY2($B9:$E9,$B43:$E43)) -> 5.215613 | T9: =SQRT(SUMXMY2($B9:$E9,$B44:$E44)) -> 1.2517852 | U9: =SQRT(SUMXMY2($B9:$E9,$B45:$E45)) -> 4.8183523 | V9: =MATCH(MIN(S9:U9),S9:U9,0) -> 2 | W9: =SQRT(SUMXMY2($B9:$E9,$B48:$E48)) -> 5.215613 | X9: =SQRT(SUMXMY2($B9:$E9,$B49:$E49)) -> 1.2517852 | Y9: =SQRT(SUMXMY2($B9:$E9,$B50:$E50)) -> 4.8183523 | Z9: =MATCH(MIN(W9:Y9),W9:Y9,0) -> 2 | AA9: =SQRT(SUMXMY2($B9:$E9,$B53:$E53)) -> 5.215613 | AB9: =SQRT(SUMXMY2($B9:$E9,$B54:$E54)) -> 1.2517852 | AC9: =SQRT(SUMXMY2($B9:$E9,$B55:$E55)) -> 4.8183523 | AD9: =MATCH(MIN(AA9:AC9),AA9:AC9,0) -> 2 | AE9: =SQRT(SUMXMY2($B9:$E9,$B58:$E58)) -> 5.215613 | AF9: =SQRT(SUMXMY2($B9:$E9,$B59:$E59)) -> 1.2517852 | AG9: =SQRT(SUMXMY2($B9:$E9,$B60:$E60)) -> 4.8183523 | AH9: =MATCH(MIN(AE9:AG9),AE9:AG9,0) -> 2 | AI9: =SQRT(SUMXMY2($B9:$E9,$B63:$E63)) -> 5.215613 | AJ9: =SQRT(SUMXMY2($B9:$E9,$B64:$E64)) -> 1.2517852 | AK9: =SQRT(SUMXMY2($B9:$E9,$B65:$E65)) -> 4.8183523 | AL9: =MATCH(MIN(AI9:AK9),AI9:AK9,0) -> 2 | AM9: =INDEX(AI9:AK9,AL9) -> 1.2517852
A10: =Features!A10 -> Defence | B10: =Features!I10 -> -0.13549729 | C10: =Features!J10 -> 0.42412651 | D10: =Features!K10 -> -0.77106832 | E10: =Features!L10 -> 0.64077863 | F10: =AL10 -> 3 | G10: =SQRT(SUMXMY2($B10:$E10,$B28:$E28)) -> 2.9016472 | H10: =SQRT(SUMXMY2($B10:$E10,$B29:$E29)) -> 4.2543402 | I10: =SQRT(SUMXMY2($B10:$E10,$B30:$E30)) -> 2.0972373 | J10: =MATCH(MIN(G10:I10),G10:I10,0) -> 3 | K10: =SQRT(SUMXMY2($B10:$E10,$B33:$E33)) -> 2.0644081 | L10: =SQRT(SUMXMY2($B10:$E10,$B34:$E34)) -> 3.6350346 | M10: =SQRT(SUMXMY2($B10:$E10,$B35:$E35)) -> 1.3953795 | N10: =MATCH(MIN(K10:M10),K10:M10,0) -> 3 | O10: =SQRT(SUMXMY2($B10:$E10,$B38:$E38)) -> 2.0644081 | P10: =SQRT(SUMXMY2($B10:$E10,$B39:$E39)) -> 3.6350346 | Q10: =SQRT(SUMXMY2($B10:$E10,$B40:$E40)) -> 1.3953795 | R10: =MATCH(MIN(O10:Q10),O10:Q10,0) -> 3 | S10: =SQRT(SUMXMY2($B10:$E10,$B43:$E43)) -> 2.0644081 | T10: =SQRT(SUMXMY2($B10:$E10,$B44:$E44)) -> 3.6350346 | U10: =SQRT(SUMXMY2($B10:$E10,$B45:$E45)) -> 1.3953795 | V10: =MATCH(MIN(S10:U10),S10:U10,0) -> 3 | W10: =SQRT(SUMXMY2($B10:$E10,$B48:$E48)) -> 2.0644081 | X10: =SQRT(SUMXMY2($B10:$E10,$B49:$E49)) -> 3.6350346 | Y10: =SQRT(SUMXMY2($B10:$E10,$B50:$E50)) -> 1.3953795 | Z10: =MATCH(MIN(W10:Y10),W10:Y10,0) -> 3 | AA10: =SQRT(SUMXMY2($B10:$E10,$B53:$E53)) -> 2.0644081 | AB10: =SQRT(SUMXMY2($B10:$E10,$B54:$E54)) -> 3.6350346 | AC10: =SQRT(SUMXMY2($B10:$E10,$B55:$E55)) -> 1.3953795 | AD10: =MATCH(MIN(AA10:AC10),AA10:AC10,0) -> 3 | AE10: =SQRT(SUMXMY2($B10:$E10,$B58:$E58)) -> 2.0644081 | AF10: =SQRT(SUMXMY2($B10:$E10,$B59:$E59)) -> 3.6350346 | AG10: =SQRT(SUMXMY2($B10:$E10,$B60:$E60)) -> 1.3953795 | AH10: =MATCH(MIN(AE10:AG10),AE10:AG10,0) -> 3 | AI10: =SQRT(SUMXMY2($B10:$E10,$B63:$E63)) -> 2.0644081 | AJ10: =SQRT(SUMXMY2($B10:$E10,$B64:$E64)) -> 3.6350346 | AK10: =SQRT(SUMXMY2($B10:$E10,$B65:$E65)) -> 1.3953795 | AL10: =MATCH(MIN(AI10:AK10),AI10:AK10,0) -> 3 | AM10: =INDEX(AI10:AK10,AL10) -> 1.3953795
A11: =Features!A11 -> Agriculture | B11: =Features!I11 -> -0.0914719 | C11: =Features!J11 -> -0.47960981 | D11: =Features!K11 -> -0.018507391 | E11: =Features!L11 -> 0.48029823 | F11: =AL11 -> 3 | G11: =SQRT(SUMXMY2($B11:$E11,$B28:$E28)) -> 2.5158687 | H11: =SQRT(SUMXMY2($B11:$E11,$B29:$E29)) -> 4.5045363 | I11: =SQRT(SUMXMY2($B11:$E11,$B30:$E30)) -> 1.6109002 | J11: =MATCH(MIN(G11:I11),G11:I11,0) -> 3 | K11: =SQRT(SUMXMY2($B11:$E11,$B33:$E33)) -> 1.9934212 | L11: =SQRT(SUMXMY2($B11:$E11,$B34:$E34)) -> 3.7218209 | M11: =SQRT(SUMXMY2($B11:$E11,$B35:$E35)) -> 0.91759047 | N11: =MATCH(MIN(K11:M11),K11:M11,0) -> 3 | O11: =SQRT(SUMXMY2($B11:$E11,$B38:$E38)) -> 1.9934212 | P11: =SQRT(SUMXMY2($B11:$E11,$B39:$E39)) -> 3.7218209 | Q11: =SQRT(SUMXMY2($B11:$E11,$B40:$E40)) -> 0.91759047 | R11: =MATCH(MIN(O11:Q11),O11:Q11,0) -> 3 | S11: =SQRT(SUMXMY2($B11:$E11,$B43:$E43)) -> 1.9934212 | T11: =SQRT(SUMXMY2($B11:$E11,$B44:$E44)) -> 3.7218209 | U11: =SQRT(SUMXMY2($B11:$E11,$B45:$E45)) -> 0.91759047 | V11: =MATCH(MIN(S11:U11),S11:U11,0) -> 3 | W11: =SQRT(SUMXMY2($B11:$E11,$B48:$E48)) -> 1.9934212 | X11: =SQRT(SUMXMY2($B11:$E11,$B49:$E49)) -> 3.7218209 | Y11: =SQRT(SUMXMY2($B11:$E11,$B50:$E50)) -> 0.91759047 | Z11: =MATCH(MIN(W11:Y11),W11:Y11,0) -> 3 | AA11: =SQRT(SUMXMY2($B11:$E11,$B53:$E53)) -> 1.9934212 | AB11: =SQRT(SUMXMY2($B11:$E11,$B54:$E54)) -> 3.7218209 | AC11: =SQRT(SUMXMY2($B11:$E11,$B55:$E55)) -> 0.91759047 | AD11: =MATCH(MIN(AA11:AC11),AA11:AC11,0) -> 3 | AE11: =SQRT(SUMXMY2($B11:$E11,$B58:$E58)) -> 1.9934212 | AF11: =SQRT(SUMXMY2($B11:$E11,$B59:$E59)) -> 3.7218209 | AG11: =SQRT(SUMXMY2($B11:$E11,$B60:$E60)) -> 0.91759047 | AH11: =MATCH(MIN(AE11:AG11),AE11:AG11,0) -> 3 | AI11: =SQRT(SUMXMY2($B11:$E11,$B63:$E63)) -> 1.9934212 | AJ11: =SQRT(SUMXMY2($B11:$E11,$B64:$E64)) -> 3.7218209 | AK11: =SQRT(SUMXMY2($B11:$E11,$B65:$E65)) -> 0.91759047 | AL11: =MATCH(MIN(AI11:AK11),AI11:AK11,0) -> 3 | AM11: =INDEX(AI11:AK11,AL11) -> 0.91759047
A12: =Features!A12 -> Manufacturing | B12: =Features!I12 -> -0.18078072 | C12: =Features!J12 -> -0.10004056 | D12: =Features!K12 -> -1.4141162 | E12: =Features!L12 -> 0.19500633 | F12: =AL12 -> 3 | G12: =SQRT(SUMXMY2($B12:$E12,$B28:$E28)) -> 2.8447097 | H12: =SQRT(SUMXMY2($B12:$E12,$B29:$E29)) -> 5.1806285 | I12: =SQRT(SUMXMY2($B12:$E12,$B30:$E30)) -> 2.0225402 | J12: =MATCH(MIN(G12:I12),G12:I12,0) -> 3 | K12: =SQRT(SUMXMY2($B12:$E12,$B33:$E33)) -> 2.0704201 | L12: =SQRT(SUMXMY2($B12:$E12,$B34:$E34)) -> 4.5422377 | M12: =SQRT(SUMXMY2($B12:$E12,$B35:$E35)) -> 1.36646 | N12: =MATCH(MIN(K12:M12),K12:M12,0) -> 3 | O12: =SQRT(SUMXMY2($B12:$E12,$B38:$E38)) -> 2.0704201 | P12: =SQRT(SUMXMY2($B12:$E12,$B39:$E39)) -> 4.5422377 | Q12: =SQRT(SUMXMY2($B12:$E12,$B40:$E40)) -> 1.36646 | R12: =MATCH(MIN(O12:Q12),O12:Q12,0) -> 3 | S12: =SQRT(SUMXMY2($B12:$E12,$B43:$E43)) -> 2.0704201 | T12: =SQRT(SUMXMY2($B12:$E12,$B44:$E44)) -> 4.5422377 | U12: =SQRT(SUMXMY2($B12:$E12,$B45:$E45)) -> 1.36646 | V12: =MATCH(MIN(S12:U12),S12:U12,0) -> 3 | W12: =SQRT(SUMXMY2($B12:$E12,$B48:$E48)) -> 2.0704201 | X12: =SQRT(SUMXMY2($B12:$E12,$B49:$E49)) -> 4.5422377 | Y12: =SQRT(SUMXMY2($B12:$E12,$B50:$E50)) -> 1.36646 | Z12: =MATCH(MIN(W12:Y12),W12:Y12,0) -> 3 | AA12: =SQRT(SUMXMY2($B12:$E12,$B53:$E53)) -> 2.0704201 | AB12: =SQRT(SUMXMY2($B12:$E12,$B54:$E54)) -> 4.5422377 | AC12: =SQRT(SUMXMY2($B12:$E12,$B55:$E55)) -> 1.36646 | AD12: =MATCH(MIN(AA12:AC12),AA12:AC12,0) -> 3 | AE12: =SQRT(SUMXMY2($B12:$E12,$B58:$E58)) -> 2.0704201 | AF12: =SQRT(SUMXMY2($B12:$E12,$B59:$E59)) -> 4.5422377 | AG12: =SQRT(SUMXMY2($B12:$E12,$B60:$E60)) -> 1.36646 | AH12: =MATCH(MIN(AE12:AG12),AE12:AG12,0) -> 3 | AI12: =SQRT(SUMXMY2($B12:$E12,$B63:$E63)) -> 2.0704201 | AJ12: =SQRT(SUMXMY2($B12:$E12,$B64:$E64)) -> 4.5422377 | AK12: =SQRT(SUMXMY2($B12:$E12,$B65:$E65)) -> 1.36646 | AL12: =MATCH(MIN(AI12:AK12),AI12:AK12,0) -> 3 | AM12: =INDEX(AI12:AK12,AL12) -> 1.36646
A13: =Features!A13 -> Financial services | B13: =Features!I13 -> 0.0337099 | C13: =Features!J13 -> -0.58805817 | D13: =Features!K13 -> -0.53341738 | E13: =Features!L13 -> -0.35561753 | F13: =AL13 -> 3 | G13: =SQRT(SUMXMY2($B13:$E13,$B28:$E28)) -> 2.2266031 | H13: =SQRT(SUMXMY2($B13:$E13,$B29:$E29)) -> 5.18654 | I13: =SQRT(SUMXMY2($B13:$E13,$B30:$E30)) -> 1.2011418 | J13: =MATCH(MIN(G13:I13),G13:I13,0) -> 3 | K13: =SQRT(SUMXMY2($B13:$E13,$B33:$E33)) -> 1.7735667 | L13: =SQRT(SUMXMY2($B13:$E13,$B34:$E34)) -> 4.5159566 | M13: =SQRT(SUMXMY2($B13:$E13,$B35:$E35)) -> 0.54596361 | N13: =MATCH(MIN(K13:M13),K13:M13,0) -> 3 | O13: =SQRT(SUMXMY2($B13:$E13,$B38:$E38)) -> 1.7735667 | P13: =SQRT(SUMXMY2($B13:$E13,$B39:$E39)) -> 4.5159566 | Q13: =SQRT(SUMXMY2($B13:$E13,$B40:$E40)) -> 0.54596361 | R13: =MATCH(MIN(O13:Q13),O13:Q13,0) -> 3 | S13: =SQRT(SUMXMY2($B13:$E13,$B43:$E43)) -> 1.7735667 | T13: =SQRT(SUMXMY2($B13:$E13,$B44:$E44)) -> 4.5159566 | U13: =SQRT(SUMXMY2($B13:$E13,$B45:$E45)) -> 0.54596361 | V13: =MATCH(MIN(S13:U13),S13:U13,0) -> 3 | W13: =SQRT(SUMXMY2($B13:$E13,$B48:$E48)) -> 1.7735667 | X13: =SQRT(SUMXMY2($B13:$E13,$B49:$E49)) -> 4.5159566 | Y13: =SQRT(SUMXMY2($B13:$E13,$B50:$E50)) -> 0.54596361 | Z13: =MATCH(MIN(W13:Y13),W13:Y13,0) -> 3 | AA13: =SQRT(SUMXMY2($B13:$E13,$B53:$E53)) -> 1.7735667 | AB13: =SQRT(SUMXMY2($B13:$E13,$B54:$E54)) -> 4.5159566 | AC13: =SQRT(SUMXMY2($B13:$E13,$B55:$E55)) -> 0.54596361 | AD13: =MATCH(MIN(AA13:AC13),AA13:AC13,0) -> 3 | AE13: =SQRT(SUMXMY2($B13:$E13,$B58:$E58)) -> 1.7735667 | AF13: =SQRT(SUMXMY2($B13:$E13,$B59:$E59)) -> 4.5159566 | AG13: =SQRT(SUMXMY2($B13:$E13,$B60:$E60)) -> 0.54596361 | AH13: =MATCH(MIN(AE13:AG13),AE13:AG13,0) -> 3 | AI13: =SQRT(SUMXMY2($B13:$E13,$B63:$E63)) -> 1.7735667 | AJ13: =SQRT(SUMXMY2($B13:$E13,$B64:$E64)) -> 4.5159566 | AK13: =SQRT(SUMXMY2($B13:$E13,$B65:$E65)) -> 0.54596361 | AL13: =MATCH(MIN(AI13:AK13),AI13:AK13,0) -> 3 | AM13: =INDEX(AI13:AK13,AL13) -> 0.54596361
A14: =Features!A14 -> Gaming & entertainment | B14: =Features!I14 -> -0.21561316 | C14: =Features!J14 -> -0.54167774 | D14: =Features!K14 -> -0.51674174 | E14: =Features!L14 -> -0.012458812 | F14: =AL14 -> 3 | G14: =SQRT(SUMXMY2($B14:$E14,$B28:$E28)) -> 2.5095335 | H14: =SQRT(SUMXMY2($B14:$E14,$B29:$E29)) -> 4.9886848 | I14: =SQRT(SUMXMY2($B14:$E14,$B30:$E30)) -> 1.2810636 | J14: =MATCH(MIN(G14:I14),G14:I14,0) -> 3 | K14: =SQRT(SUMXMY2($B14:$E14,$B33:$E33)) -> 1.9726015 | L14: =SQRT(SUMXMY2($B14:$E14,$B34:$E34)) -> 4.254604 | M14: =SQRT(SUMXMY2($B14:$E14,$B35:$E35)) -> 0.5404167 | N14: =MATCH(MIN(K14:M14),K14:M14,0) -> 3 | O14: =SQRT(SUMXMY2($B14:$E14,$B38:$E38)) -> 1.9726015 | P14: =SQRT(SUMXMY2($B14:$E14,$B39:$E39)) -> 4.254604 | Q14: =SQRT(SUMXMY2($B14:$E14,$B40:$E40)) -> 0.5404167 | R14: =MATCH(MIN(O14:Q14),O14:Q14,0) -> 3 | S14: =SQRT(SUMXMY2($B14:$E14,$B43:$E43)) -> 1.9726015 | T14: =SQRT(SUMXMY2($B14:$E14,$B44:$E44)) -> 4.254604 | U14: =SQRT(SUMXMY2($B14:$E14,$B45:$E45)) -> 0.5404167 | V14: =MATCH(MIN(S14:U14),S14:U14,0) -> 3 | W14: =SQRT(SUMXMY2($B14:$E14,$B48:$E48)) -> 1.9726015 | X14: =SQRT(SUMXMY2($B14:$E14,$B49:$E49)) -> 4.254604 | Y14: =SQRT(SUMXMY2($B14:$E14,$B50:$E50)) -> 0.5404167 | Z14: =MATCH(MIN(W14:Y14),W14:Y14,0) -> 3 | AA14: =SQRT(SUMXMY2($B14:$E14,$B53:$E53)) -> 1.9726015 | AB14: =SQRT(SUMXMY2($B14:$E14,$B54:$E54)) -> 4.254604 | AC14: =SQRT(SUMXMY2($B14:$E14,$B55:$E55)) -> 0.5404167 | AD14: =MATCH(MIN(AA14:AC14),AA14:AC14,0) -> 3 | AE14: =SQRT(SUMXMY2($B14:$E14,$B58:$E58)) -> 1.9726015 | AF14: =SQRT(SUMXMY2($B14:$E14,$B59:$E59)) -> 4.254604 | AG14: =SQRT(SUMXMY2($B14:$E14,$B60:$E60)) -> 0.5404167 | AH14: =MATCH(MIN(AE14:AG14),AE14:AG14,0) -> 3 | AI14: =SQRT(SUMXMY2($B14:$E14,$B63:$E63)) -> 1.9726015 | AJ14: =SQRT(SUMXMY2($B14:$E14,$B64:$E64)) -> 4.254604 | AK14: =SQRT(SUMXMY2($B14:$E14,$B65:$E65)) -> 0.5404167 | AL14: =MATCH(MIN(AI14:AK14),AI14:AK14,0) -> 3 | AM14: =INDEX(AI14:AK14,AL14) -> 0.5404167
A15: =Features!A15 -> Chemicals & pharmaceuticals | B15: =Features!I15 -> -0.16933799 | C15: =Features!J15 -> -0.85315416 | D15: =Features!K15 -> 0.24064206 | E15: =Features!L15 -> -0.87520479 | F15: =AL15 -> 3 | G15: =SQRT(SUMXMY2($B15:$E15,$B28:$E28)) -> 2.4774916 | H15: =SQRT(SUMXMY2($B15:$E15,$B29:$E29)) -> 5.2725496 | I15: =SQRT(SUMXMY2($B15:$E15,$B30:$E30)) -> 0.76227014 | J15: =MATCH(MIN(G15:I15),G15:I15,0) -> 3 | K15: =SQRT(SUMXMY2($B15:$E15,$B33:$E33)) -> 2.353683 | L15: =SQRT(SUMXMY2($B15:$E15,$B34:$E34)) -> 4.5752497 | M15: =SQRT(SUMXMY2($B15:$E15,$B35:$E35)) -> 0.86222626 | N15: =MATCH(MIN(K15:M15),K15:M15,0) -> 3 | O15: =SQRT(SUMXMY2($B15:$E15,$B38:$E38)) -> 2.353683 | P15: =SQRT(SUMXMY2($B15:$E15,$B39:$E39)) -> 4.5752497 | Q15: =SQRT(SUMXMY2($B15:$E15,$B40:$E40)) -> 0.86222626 | R15: =MATCH(MIN(O15:Q15),O15:Q15,0) -> 3 | S15: =SQRT(SUMXMY2($B15:$E15,$B43:$E43)) -> 2.353683 | T15: =SQRT(SUMXMY2($B15:$E15,$B44:$E44)) -> 4.5752497 | U15: =SQRT(SUMXMY2($B15:$E15,$B45:$E45)) -> 0.86222626 | V15: =MATCH(MIN(S15:U15),S15:U15,0) -> 3 | W15: =SQRT(SUMXMY2($B15:$E15,$B48:$E48)) -> 2.353683 | X15: =SQRT(SUMXMY2($B15:$E15,$B49:$E49)) -> 4.5752497 | Y15: =SQRT(SUMXMY2($B15:$E15,$B50:$E50)) -> 0.86222626 | Z15: =MATCH(MIN(W15:Y15),W15:Y15,0) -> 3 | AA15: =SQRT(SUMXMY2($B15:$E15,$B53:$E53)) -> 2.353683 | AB15: =SQRT(SUMXMY2($B15:$E15,$B54:$E54)) -> 4.5752497 | AC15: =SQRT(SUMXMY2($B15:$E15,$B55:$E55)) -> 0.86222626 | AD15: =MATCH(MIN(AA15:AC15),AA15:AC15,0) -> 3 | AE15: =SQRT(SUMXMY2($B15:$E15,$B58:$E58)) -> 2.353683 | AF15: =SQRT(SUMXMY2($B15:$E15,$B59:$E59)) -> 4.5752497 | AG15: =SQRT(SUMXMY2($B15:$E15,$B60:$E60)) -> 0.86222626 | AH15: =MATCH(MIN(AE15:AG15),AE15:AG15,0) -> 3 | AI15: =SQRT(SUMXMY2($B15:$E15,$B63:$E63)) -> 2.353683 | AJ15: =SQRT(SUMXMY2($B15:$E15,$B64:$E64)) -> 4.5752497 | AK15: =SQRT(SUMXMY2($B15:$E15,$B65:$E65)) -> 0.86222626 | AL15: =MATCH(MIN(AI15:AK15),AI15:AK15,0) -> 3 | AM15: =INDEX(AI15:AK15,AL15) -> 0.86222626
A16: =Features!A16 -> Renewables | B16: =Features!I16 -> -0.70715049 | C16: =Features!J16 -> 0.65045352 | D16: =Features!K16 -> 1.0983144 | E16: =Features!L16 -> -1.0516498 | F16: =AL16 -> 3 | G16: =SQRT(SUMXMY2($B16:$E16,$B28:$E28)) -> 3.5414629 | H16: =SQRT(SUMXMY2($B16:$E16,$B29:$E29)) -> 4.06883 | I16: =SQRT(SUMXMY2($B16:$E16,$B30:$E30)) -> 1.4146136 | J16: =MATCH(MIN(G16:I16),G16:I16,0) -> 3 | K16: =SQRT(SUMXMY2($B16:$E16,$B33:$E33)) -> 3.2719426 | L16: =SQRT(SUMXMY2($B16:$E16,$B34:$E34)) -> 3.5623347 | M16: =SQRT(SUMXMY2($B16:$E16,$B35:$E35)) -> 1.8001355 | N16: =MATCH(MIN(K16:M16),K16:M16,0) -> 3 | O16: =SQRT(SUMXMY2($B16:$E16,$B38:$E38)) -> 3.2719426 | P16: =SQRT(SUMXMY2($B16:$E16,$B39:$E39)) -> 3.5623347 | Q16: =SQRT(SUMXMY2($B16:$E16,$B40:$E40)) -> 1.8001355 | R16: =MATCH(MIN(O16:Q16),O16:Q16,0) -> 3 | S16: =SQRT(SUMXMY2($B16:$E16,$B43:$E43)) -> 3.2719426 | T16: =SQRT(SUMXMY2($B16:$E16,$B44:$E44)) -> 3.5623347 | U16: =SQRT(SUMXMY2($B16:$E16,$B45:$E45)) -> 1.8001355 | V16: =MATCH(MIN(S16:U16),S16:U16,0) -> 3 | W16: =SQRT(SUMXMY2($B16:$E16,$B48:$E48)) -> 3.2719426 | X16: =SQRT(SUMXMY2($B16:$E16,$B49:$E49)) -> 3.5623347 | Y16: =SQRT(SUMXMY2($B16:$E16,$B50:$E50)) -> 1.8001355 | Z16: =MATCH(MIN(W16:Y16),W16:Y16,0) -> 3 | AA16: =SQRT(SUMXMY2($B16:$E16,$B53:$E53)) -> 3.2719426 | AB16: =SQRT(SUMXMY2($B16:$E16,$B54:$E54)) -> 3.5623347 | AC16: =SQRT(SUMXMY2($B16:$E16,$B55:$E55)) -> 1.8001355 | AD16: =MATCH(MIN(AA16:AC16),AA16:AC16,0) -> 3 | AE16: =SQRT(SUMXMY2($B16:$E16,$B58:$E58)) -> 3.2719426 | AF16: =SQRT(SUMXMY2($B16:$E16,$B59:$E59)) -> 3.5623347 | AG16: =SQRT(SUMXMY2($B16:$E16,$B60:$E60)) -> 1.8001355 | AH16: =MATCH(MIN(AE16:AG16),AE16:AG16,0) -> 3 | AI16: =SQRT(SUMXMY2($B16:$E16,$B63:$E63)) -> 3.2719426 | AJ16: =SQRT(SUMXMY2($B16:$E16,$B64:$E64)) -> 3.5623347 | AK16: =SQRT(SUMXMY2($B16:$E16,$B65:$E65)) -> 1.8001355 | AL16: =MATCH(MIN(AI16:AK16),AI16:AK16,0) -> 3 | AM16: =INDEX(AI16:AK16,AL16) -> 1.8001355
A17: =Features!A17 -> Forestry | B17: =Features!I17 -> -1.5007853 | C17: =Features!J17 -> 0.96636831 | D17: =Features!K17 -> 1.8408003 | E17: =Features!L17 -> 2.2160816 | F17: =AL17 -> 2 | G17: =SQRT(SUMXMY2($B17:$E17,$B28:$E28)) -> 5.2905398 | H17: =SQRT(SUMXMY2($B17:$E17,$B29:$E29)) -> 2.5035704 | I17: =SQRT(SUMXMY2($B17:$E17,$B30:$E30)) -> 3.9553615 | J17: =MATCH(MIN(G17:I17),G17:I17,0) -> 2 | K17: =SQRT(SUMXMY2($B17:$E17,$B33:$E33)) -> 4.7678225 | L17: =SQRT(SUMXMY2($B17:$E17,$B34:$E34)) -> 1.2517852 | M17: =SQRT(SUMXMY2($B17:$E17,$B35:$E35)) -> 3.7394495 | N17: =MATCH(MIN(K17:M17),K17:M17,0) -> 2 | O17: =SQRT(SUMXMY2($B17:$E17,$B38:$E38)) -> 4.7678225 | P17: =SQRT(SUMXMY2($B17:$E17,$B39:$E39)) -> 1.2517852 | Q17: =SQRT(SUMXMY2($B17:$E17,$B40:$E40)) -> 3.7394495 | R17: =MATCH(MIN(O17:Q17),O17:Q17,0) -> 2 | S17: =SQRT(SUMXMY2($B17:$E17,$B43:$E43)) -> 4.7678225 | T17: =SQRT(SUMXMY2($B17:$E17,$B44:$E44)) -> 1.2517852 | U17: =SQRT(SUMXMY2($B17:$E17,$B45:$E45)) -> 3.7394495 | V17: =MATCH(MIN(S17:U17),S17:U17,0) -> 2 | W17: =SQRT(SUMXMY2($B17:$E17,$B48:$E48)) -> 4.7678225 | X17: =SQRT(SUMXMY2($B17:$E17,$B49:$E49)) -> 1.2517852 | Y17: =SQRT(SUMXMY2($B17:$E17,$B50:$E50)) -> 3.7394495 | Z17: =MATCH(MIN(W17:Y17),W17:Y17,0) -> 2 | AA17: =SQRT(SUMXMY2($B17:$E17,$B53:$E53)) -> 4.7678225 | AB17: =SQRT(SUMXMY2($B17:$E17,$B54:$E54)) -> 1.2517852 | AC17: =SQRT(SUMXMY2($B17:$E17,$B55:$E55)) -> 3.7394495 | AD17: =MATCH(MIN(AA17:AC17),AA17:AC17,0) -> 2 | AE17: =SQRT(SUMXMY2($B17:$E17,$B58:$E58)) -> 4.7678225 | AF17: =SQRT(SUMXMY2($B17:$E17,$B59:$E59)) -> 1.2517852 | AG17: =SQRT(SUMXMY2($B17:$E17,$B60:$E60)) -> 3.7394495 | AH17: =MATCH(MIN(AE17:AG17),AE17:AG17,0) -> 2 | AI17: =SQRT(SUMXMY2($B17:$E17,$B63:$E63)) -> 4.7678225 | AJ17: =SQRT(SUMXMY2($B17:$E17,$B64:$E64)) -> 1.2517852 | AK17: =SQRT(SUMXMY2($B17:$E17,$B65:$E65)) -> 3.7394495 | AL17: =MATCH(MIN(AI17:AK17),AI17:AK17,0) -> 2 | AM17: =INDEX(AI17:AK17,AL17) -> 1.2517852
A18: =Features!A18 -> Transport | B18: =Features!I18 -> -0.70715049 | C18: =Features!J18 -> -0.28953366 | D18: =Features!K18 -> -0.012615323 | E18: =Features!L18 -> -0.9086419 | F18: =AL18 -> 3 | G18: =SQRT(SUMXMY2($B18:$E18,$B28:$E28)) -> 3.0086433 | H18: =SQRT(SUMXMY2($B18:$E18,$B29:$E29)) -> 5.0024125 | I18: =SQRT(SUMXMY2($B18:$E18,$B30:$E30)) -> 0.16411206 | J18: =MATCH(MIN(G18:I18),G18:I18,0) -> 3 | K18: =SQRT(SUMXMY2($B18:$E18,$B33:$E33)) -> 2.6685692 | L18: =SQRT(SUMXMY2($B18:$E18,$B34:$E34)) -> 4.3183556 | M18: =SQRT(SUMXMY2($B18:$E18,$B35:$E35)) -> 0.6922134 | N18: =MATCH(MIN(K18:M18),K18:M18,0) -> 3 | O18: =SQRT(SUMXMY2($B18:$E18,$B38:$E38)) -> 2.6685692 | P18: =SQRT(SUMXMY2($B18:$E18,$B39:$E39)) -> 4.3183556 | Q18: =SQRT(SUMXMY2($B18:$E18,$B40:$E40)) -> 0.6922134 | R18: =MATCH(MIN(O18:Q18),O18:Q18,0) -> 3 | S18: =SQRT(SUMXMY2($B18:$E18,$B43:$E43)) -> 2.6685692 | T18: =SQRT(SUMXMY2($B18:$E18,$B44:$E44)) -> 4.3183556 | U18: =SQRT(SUMXMY2($B18:$E18,$B45:$E45)) -> 0.6922134 | V18: =MATCH(MIN(S18:U18),S18:U18,0) -> 3 | W18: =SQRT(SUMXMY2($B18:$E18,$B48:$E48)) -> 2.6685692 | X18: =SQRT(SUMXMY2($B18:$E18,$B49:$E49)) -> 4.3183556 | Y18: =SQRT(SUMXMY2($B18:$E18,$B50:$E50)) -> 0.6922134 | Z18: =MATCH(MIN(W18:Y18),W18:Y18,0) -> 3 | AA18: =SQRT(SUMXMY2($B18:$E18,$B53:$E53)) -> 2.6685692 | AB18: =SQRT(SUMXMY2($B18:$E18,$B54:$E54)) -> 4.3183556 | AC18: =SQRT(SUMXMY2($B18:$E18,$B55:$E55)) -> 0.6922134 | AD18: =MATCH(MIN(AA18:AC18),AA18:AC18,0) -> 3 | AE18: =SQRT(SUMXMY2($B18:$E18,$B58:$E58)) -> 2.6685692 | AF18: =SQRT(SUMXMY2($B18:$E18,$B59:$E59)) -> 4.3183556 | AG18: =SQRT(SUMXMY2($B18:$E18,$B60:$E60)) -> 0.6922134 | AH18: =MATCH(MIN(AE18:AG18),AE18:AG18,0) -> 3 | AI18: =SQRT(SUMXMY2($B18:$E18,$B63:$E63)) -> 2.6685692 | AJ18: =SQRT(SUMXMY2($B18:$E18,$B64:$E64)) -> 4.3183556 | AK18: =SQRT(SUMXMY2($B18:$E18,$B65:$E65)) -> 0.6922134 | AL18: =MATCH(MIN(AI18:AK18),AI18:AK18,0) -> 3 | AM18: =INDEX(AI18:AK18,AL18) -> 0.6922134
A19: =Features!A19 -> Technology | B19: =Features!I19 -> -0.72324009 | C19: =Features!J19 -> -0.35950034 | D19: =Features!K19 -> 0.1097808 | E19: =Features!L19 -> -0.99109035 | F19: =AL19 -> 3 | G19: =SQRT(SUMXMY2($B19:$E19,$B28:$E28)) -> 3.0386174 | H19: =SQRT(SUMXMY2($B19:$E19,$B29:$E29)) -> 5.0457921 | I19: =SQRT(SUMXMY2($B19:$E19,$B30:$E30)) -> 0 | J19: =MATCH(MIN(G19:I19),G19:I19,0) -> 3 | K19: =SQRT(SUMXMY2($B19:$E19,$B33:$E33)) -> 2.7460424 | L19: =SQRT(SUMXMY2($B19:$E19,$B34:$E34)) -> 4.3572336 | M19: =SQRT(SUMXMY2($B19:$E19,$B35:$E35)) -> 0.80503402 | N19: =MATCH(MIN(K19:M19),K19:M19,0) -> 3 | O19: =SQRT(SUMXMY2($B19:$E19,$B38:$E38)) -> 2.7460424 | P19: =SQRT(SUMXMY2($B19:$E19,$B39:$E39)) -> 4.3572336 | Q19: =SQRT(SUMXMY2($B19:$E19,$B40:$E40)) -> 0.80503402 | R19: =MATCH(MIN(O19:Q19),O19:Q19,0) -> 3 | S19: =SQRT(SUMXMY2($B19:$E19,$B43:$E43)) -> 2.7460424 | T19: =SQRT(SUMXMY2($B19:$E19,$B44:$E44)) -> 4.3572336 | U19: =SQRT(SUMXMY2($B19:$E19,$B45:$E45)) -> 0.80503402 | V19: =MATCH(MIN(S19:U19),S19:U19,0) -> 3 | W19: =SQRT(SUMXMY2($B19:$E19,$B48:$E48)) -> 2.7460424 | X19: =SQRT(SUMXMY2($B19:$E19,$B49:$E49)) -> 4.3572336 | Y19: =SQRT(SUMXMY2($B19:$E19,$B50:$E50)) -> 0.80503402 | Z19: =MATCH(MIN(W19:Y19),W19:Y19,0) -> 3 | AA19: =SQRT(SUMXMY2($B19:$E19,$B53:$E53)) -> 2.7460424 | AB19: =SQRT(SUMXMY2($B19:$E19,$B54:$E54)) -> 4.3572336 | AC19: =SQRT(SUMXMY2($B19:$E19,$B55:$E55)) -> 0.80503402 | AD19: =MATCH(MIN(AA19:AC19),AA19:AC19,0) -> 3 | AE19: =SQRT(SUMXMY2($B19:$E19,$B58:$E58)) -> 2.7460424 | AF19: =SQRT(SUMXMY2($B19:$E19,$B59:$E59)) -> 4.3572336 | AG19: =SQRT(SUMXMY2($B19:$E19,$B60:$E60)) -> 0.80503402 | AH19: =MATCH(MIN(AE19:AG19),AE19:AG19,0) -> 3 | AI19: =SQRT(SUMXMY2($B19:$E19,$B63:$E63)) -> 2.7460424 | AJ19: =SQRT(SUMXMY2($B19:$E19,$B64:$E64)) -> 4.3572336 | AK19: =SQRT(SUMXMY2($B19:$E19,$B65:$E65)) -> 0.80503402 | AL19: =MATCH(MIN(AI19:AK19),AI19:AK19,0) -> 3 | AM19: =INDEX(AI19:AK19,AL19) -> 0.80503402
A20: =Features!A20 -> Infrastructure | B20: =Features!I20 -> -0.93024855 | C20: =Features!J20 -> -0.86410854 | D20: =Features!K20 -> 0.33410382 | E20: =Features!L20 -> -0.97765155 | F20: =AL20 -> 3 | G20: =SQRT(SUMXMY2($B20:$E20,$B28:$E28)) -> 3.249144 | H20: =SQRT(SUMXMY2($B20:$E20,$B29:$E29)) -> 5.3340983 | I20: =SQRT(SUMXMY2($B20:$E20,$B30:$E30)) -> 0.58990115 | J20: =MATCH(MIN(G20:I20),G20:I20,0) -> 3 | K20: =SQRT(SUMXMY2($B20:$E20,$B33:$E33)) -> 3.0616976 | L20: =SQRT(SUMXMY2($B20:$E20,$B34:$E34)) -> 4.5532898 | M20: =SQRT(SUMXMY2($B20:$E20,$B35:$E35)) -> 1.1544674 | N20: =MATCH(MIN(K20:M20),K20:M20,0) -> 3 | O20: =SQRT(SUMXMY2($B20:$E20,$B38:$E38)) -> 3.0616976 | P20: =SQRT(SUMXMY2($B20:$E20,$B39:$E39)) -> 4.5532898 | Q20: =SQRT(SUMXMY2($B20:$E20,$B40:$E40)) -> 1.1544674 | R20: =MATCH(MIN(O20:Q20),O20:Q20,0) -> 3 | S20: =SQRT(SUMXMY2($B20:$E20,$B43:$E43)) -> 3.0616976 | T20: =SQRT(SUMXMY2($B20:$E20,$B44:$E44)) -> 4.5532898 | U20: =SQRT(SUMXMY2($B20:$E20,$B45:$E45)) -> 1.1544674 | V20: =MATCH(MIN(S20:U20),S20:U20,0) -> 3 | W20: =SQRT(SUMXMY2($B20:$E20,$B48:$E48)) -> 3.0616976 | X20: =SQRT(SUMXMY2($B20:$E20,$B49:$E49)) -> 4.5532898 | Y20: =SQRT(SUMXMY2($B20:$E20,$B50:$E50)) -> 1.1544674 | Z20: =MATCH(MIN(W20:Y20),W20:Y20,0) -> 3 | AA20: =SQRT(SUMXMY2($B20:$E20,$B53:$E53)) -> 3.0616976 | AB20: =SQRT(SUMXMY2($B20:$E20,$B54:$E54)) -> 4.5532898 | AC20: =SQRT(SUMXMY2($B20:$E20,$B55:$E55)) -> 1.1544674 | AD20: =MATCH(MIN(AA20:AC20),AA20:AC20,0) -> 3 | AE20: =SQRT(SUMXMY2($B20:$E20,$B58:$E58)) -> 3.0616976 | AF20: =SQRT(SUMXMY2($B20:$E20,$B59:$E59)) -> 4.5532898 | AG20: =SQRT(SUMXMY2($B20:$E20,$B60:$E60)) -> 1.1544674 | AH20: =MATCH(MIN(AE20:AG20),AE20:AG20,0) -> 3 | AI20: =SQRT(SUMXMY2($B20:$E20,$B63:$E63)) -> 3.0616976 | AJ20: =SQRT(SUMXMY2($B20:$E20,$B64:$E64)) -> 4.5532898 | AK20: =SQRT(SUMXMY2($B20:$E20,$B65:$E65)) -> 1.1544674 | AL20: =MATCH(MIN(AI20:AK20),AI20:AK20,0) -> 3 | AM20: =INDEX(AI20:AK20,AL20) -> 1.1544674
A21: =Features!A21 -> Other | B21: =Features!I21 -> 0.48460879 | C21: =Features!J21 -> -0.51019781 | D21: =Features!K21 -> -0.71390644 | E21: =Features!L21 -> -0.31209449 | F21: =AL21 -> 3 | G21: =SQRT(SUMXMY2($B21:$E21,$B28:$E28)) -> 1.8368957 | H21: =SQRT(SUMXMY2($B21:$E21,$B29:$E29)) -> 5.2621972 | I21: =SQRT(SUMXMY2($B21:$E21,$B30:$E30)) -> 1.6189826 | J21: =MATCH(MIN(G21:I21),G21:I21,0) -> 3 | K21: =SQRT(SUMXMY2($B21:$E21,$B33:$E33)) -> 1.3188794 | L21: =SQRT(SUMXMY2($B21:$E21,$B34:$E34)) -> 4.6688877 | M21: =SQRT(SUMXMY2($B21:$E21,$B35:$E35)) -> 0.96276532 | N21: =MATCH(MIN(K21:M21),K21:M21,0) -> 3 | O21: =SQRT(SUMXMY2($B21:$E21,$B38:$E38)) -> 1.3188794 | P21: =SQRT(SUMXMY2($B21:$E21,$B39:$E39)) -> 4.6688877 | Q21: =SQRT(SUMXMY2($B21:$E21,$B40:$E40)) -> 0.96276532 | R21: =MATCH(MIN(O21:Q21),O21:Q21,0) -> 3 | S21: =SQRT(SUMXMY2($B21:$E21,$B43:$E43)) -> 1.3188794 | T21: =SQRT(SUMXMY2($B21:$E21,$B44:$E44)) -> 4.6688877 | U21: =SQRT(SUMXMY2($B21:$E21,$B45:$E45)) -> 0.96276532 | V21: =MATCH(MIN(S21:U21),S21:U21,0) -> 3 | W21: =SQRT(SUMXMY2($B21:$E21,$B48:$E48)) -> 1.3188794 | X21: =SQRT(SUMXMY2($B21:$E21,$B49:$E49)) -> 4.6688877 | Y21: =SQRT(SUMXMY2($B21:$E21,$B50:$E50)) -> 0.96276532 | Z21: =MATCH(MIN(W21:Y21),W21:Y21,0) -> 3 | AA21: =SQRT(SUMXMY2($B21:$E21,$B53:$E53)) -> 1.3188794 | AB21: =SQRT(SUMXMY2($B21:$E21,$B54:$E54)) -> 4.6688877 | AC21: =SQRT(SUMXMY2($B21:$E21,$B55:$E55)) -> 0.96276532 | AD21: =MATCH(MIN(AA21:AC21),AA21:AC21,0) -> 3 | AE21: =SQRT(SUMXMY2($B21:$E21,$B58:$E58)) -> 1.3188794 | AF21: =SQRT(SUMXMY2($B21:$E21,$B59:$E59)) -> 4.6688877 | AG21: =SQRT(SUMXMY2($B21:$E21,$B60:$E60)) -> 0.96276532 | AH21: =MATCH(MIN(AE21:AG21),AE21:AG21,0) -> 3 | AI21: =SQRT(SUMXMY2($B21:$E21,$B63:$E63)) -> 1.3188794 | AJ21: =SQRT(SUMXMY2($B21:$E21,$B64:$E64)) -> 4.6688877 | AK21: =SQRT(SUMXMY2($B21:$E21,$B65:$E65)) -> 0.96276532 | AL21: =MATCH(MIN(AI21:AK21),AI21:AK21,0) -> 3 | AM21: =INDEX(AI21:AK21,AL21) -> 0.96276532
A27: Iteration 0 cluster centres | B27: z: ln(avg volume) | C27: z: YoY growth FY24 | D27: z: Volatility (CV) | E27: z: Relative trend
A28: Cluster centre 1 | B28: =INDEX(B$6:B$21,MATCH(Inputs!$B$4,$A$6:$A$21,0)) -> 2.2282166 | C28: =INDEX(C$6:C$21,MATCH(Inputs!$B$4,$A$6:$A$21,0)) -> -0.72394527 | D28: =INDEX(D$6:D$21,MATCH(Inputs!$B$4,$A$6:$A$21,0)) -> -0.19392696 | E28: =INDEX(E$6:E$21,MATCH(Inputs!$B$4,$A$6:$A$21,0)) -> -0.44607581
A29: Cluster centre 2 | B29: =INDEX(B$6:B$21,MATCH(Inputs!$B$5,$A$6:$A$21,0)) -> -0.32495391 | C29: =INDEX(C$6:C$21,MATCH(Inputs!$B$5,$A$6:$A$21,0)) -> 3.1232857 | D29: =INDEX(D$6:D$21,MATCH(Inputs!$B$5,$A$6:$A$21,0)) -> 2.2411376 | E29: =INDEX(E$6:E$21,MATCH(Inputs!$B$5,$A$6:$A$21,0)) -> 1.9464095
A30: Cluster centre 3 | B30: =INDEX(B$6:B$21,MATCH(Inputs!$B$6,$A$6:$A$21,0)) -> -0.72324009 | C30: =INDEX(C$6:C$21,MATCH(Inputs!$B$6,$A$6:$A$21,0)) -> -0.35950034 | D30: =INDEX(D$6:D$21,MATCH(Inputs!$B$6,$A$6:$A$21,0)) -> 0.1097808 | E30: =INDEX(E$6:E$21,MATCH(Inputs!$B$6,$A$6:$A$21,0)) -> -0.99109035
A32: Iteration 1 cluster centres | B32: z: ln(avg volume) | C32: z: YoY growth FY24 | D32: z: Volatility (CV) | E32: z: Relative trend
A33: Cluster centre 1 | B33: =IFERROR(AVERAGEIF($J$6:$J$21,1,B$6:B$21),B28) -> 1.7226371 | C33: =IFERROR(AVERAGEIF($J$6:$J$21,1,C$6:C$21),C28) -> -0.19278441 | D33: =IFERROR(AVERAGEIF($J$6:$J$21,1,D$6:D$21),D28) -> -0.6281354 | E33: =IFERROR(AVERAGEIF($J$6:$J$21,1,E$6:E$21),E28) -> 0.001945012
A34: Cluster centre 2 | B34: =IFERROR(AVERAGEIF($J$6:$J$21,2,B$6:B$21),B29) -> -0.9128696 | C34: =IFERROR(AVERAGEIF($J$6:$J$21,2,C$6:C$21),C29) -> 2.044827 | D34: =IFERROR(AVERAGEIF($J$6:$J$21,2,D$6:D$21),D29) -> 2.040969 | E34: =IFERROR(AVERAGEIF($J$6:$J$21,2,E$6:E$21),E29) -> 2.0812455
A35: Cluster centre 3 | B35: =IFERROR(AVERAGEIF($J$6:$J$21,3,B$6:B$21),B30) -> -0.30383382 | C35: =IFERROR(AVERAGEIF($J$6:$J$21,3,C$6:C$21),C30) -> -0.31920916 | D35: =IFERROR(AVERAGEIF($J$6:$J$21,3,D$6:D$21),D30) -> -0.19977562 | E35: =IFERROR(AVERAGEIF($J$6:$J$21,3,E$6:E$21),E30) -> -0.37893873
A37: Iteration 2 cluster centres | B37: z: ln(avg volume) | C37: z: YoY growth FY24 | D37: z: Volatility (CV) | E37: z: Relative trend
A38: Cluster centre 1 | B38: =IFERROR(AVERAGEIF($N$6:$N$21,1,B$6:B$21),B33) -> 1.7226371 | C38: =IFERROR(AVERAGEIF($N$6:$N$21,1,C$6:C$21),C33) -> -0.19278441 | D38: =IFERROR(AVERAGEIF($N$6:$N$21,1,D$6:D$21),D33) -> -0.6281354 | E38: =IFERROR(AVERAGEIF($N$6:$N$21,1,E$6:E$21),E33) -> 0.001945012
A39: Cluster centre 2 | B39: =IFERROR(AVERAGEIF($N$6:$N$21,2,B$6:B$21),B34) -> -0.9128696 | C39: =IFERROR(AVERAGEIF($N$6:$N$21,2,C$6:C$21),C34) -> 2.044827 | D39: =IFERROR(AVERAGEIF($N$6:$N$21,2,D$6:D$21),D34) -> 2.040969 | E39: =IFERROR(AVERAGEIF($N$6:$N$21,2,E$6:E$21),E34) -> 2.0812455
A40: Cluster centre 3 | B40: =IFERROR(AVERAGEIF($N$6:$N$21,3,B$6:B$21),B35) -> -0.30383382 | C40: =IFERROR(AVERAGEIF($N$6:$N$21,3,C$6:C$21),C35) -> -0.31920916 | D40: =IFERROR(AVERAGEIF($N$6:$N$21,3,D$6:D$21),D35) -> -0.19977562 | E40: =IFERROR(AVERAGEIF($N$6:$N$21,3,E$6:E$21),E35) -> -0.37893873
A42: Iteration 3 cluster centres | B42: z: ln(avg volume) | C42: z: YoY growth FY24 | D42: z: Volatility (CV) | E42: z: Relative trend
A43: Cluster centre 1 | B43: =IFERROR(AVERAGEIF($R$6:$R$21,1,B$6:B$21),B38) -> 1.7226371 | C43: =IFERROR(AVERAGEIF($R$6:$R$21,1,C$6:C$21),C38) -> -0.19278441 | D43: =IFERROR(AVERAGEIF($R$6:$R$21,1,D$6:D$21),D38) -> -0.6281354 | E43: =IFERROR(AVERAGEIF($R$6:$R$21,1,E$6:E$21),E38) -> 0.001945012
A44: Cluster centre 2 | B44: =IFERROR(AVERAGEIF($R$6:$R$21,2,B$6:B$21),B39) -> -0.9128696 | C44: =IFERROR(AVERAGEIF($R$6:$R$21,2,C$6:C$21),C39) -> 2.044827 | D44: =IFERROR(AVERAGEIF($R$6:$R$21,2,D$6:D$21),D39) -> 2.040969 | E44: =IFERROR(AVERAGEIF($R$6:$R$21,2,E$6:E$21),E39) -> 2.0812455
A45: Cluster centre 3 | B45: =IFERROR(AVERAGEIF($R$6:$R$21,3,B$6:B$21),B40) -> -0.30383382 | C45: =IFERROR(AVERAGEIF($R$6:$R$21,3,C$6:C$21),C40) -> -0.31920916 | D45: =IFERROR(AVERAGEIF($R$6:$R$21,3,D$6:D$21),D40) -> -0.19977562 | E45: =IFERROR(AVERAGEIF($R$6:$R$21,3,E$6:E$21),E40) -> -0.37893873
A47: Iteration 4 cluster centres | B47: z: ln(avg volume) | C47: z: YoY growth FY24 | D47: z: Volatility (CV) | E47: z: Relative trend
A48: Cluster centre 1 | B48: =IFERROR(AVERAGEIF($V$6:$V$21,1,B$6:B$21),B43) -> 1.7226371 | C48: =IFERROR(AVERAGEIF($V$6:$V$21,1,C$6:C$21),C43) -> -0.19278441 | D48: =IFERROR(AVERAGEIF($V$6:$V$21,1,D$6:D$21),D43) -> -0.6281354 | E48: =IFERROR(AVERAGEIF($V$6:$V$21,1,E$6:E$21),E43) -> 0.001945012
A49: Cluster centre 2 | B49: =IFERROR(AVERAGEIF($V$6:$V$21,2,B$6:B$21),B44) -> -0.9128696 | C49: =IFERROR(AVERAGEIF($V$6:$V$21,2,C$6:C$21),C44) -> 2.044827 | D49: =IFERROR(AVERAGEIF($V$6:$V$21,2,D$6:D$21),D44) -> 2.040969 | E49: =IFERROR(AVERAGEIF($V$6:$V$21,2,E$6:E$21),E44) -> 2.0812455
A50: Cluster centre 3 | B50: =IFERROR(AVERAGEIF($V$6:$V$21,3,B$6:B$21),B45) -> -0.30383382 | C50: =IFERROR(AVERAGEIF($V$6:$V$21,3,C$6:C$21),C45) -> -0.31920916 | D50: =IFERROR(AVERAGEIF($V$6:$V$21,3,D$6:D$21),D45) -> -0.19977562 | E50: =IFERROR(AVERAGEIF($V$6:$V$21,3,E$6:E$21),E45) -> -0.37893873
A52: Iteration 5 cluster centres | B52: z: ln(avg volume) | C52: z: YoY growth FY24 | D52: z: Volatility (CV) | E52: z: Relative trend
A53: Cluster centre 1 | B53: =IFERROR(AVERAGEIF($Z$6:$Z$21,1,B$6:B$21),B48) -> 1.7226371 | C53: =IFERROR(AVERAGEIF($Z$6:$Z$21,1,C$6:C$21),C48) -> -0.19278441 | D53: =IFERROR(AVERAGEIF($Z$6:$Z$21,1,D$6:D$21),D48) -> -0.6281354 | E53: =IFERROR(AVERAGEIF($Z$6:$Z$21,1,E$6:E$21),E48) -> 0.001945012
A54: Cluster centre 2 | B54: =IFERROR(AVERAGEIF($Z$6:$Z$21,2,B$6:B$21),B49) -> -0.9128696 | C54: =IFERROR(AVERAGEIF($Z$6:$Z$21,2,C$6:C$21),C49) -> 2.044827 | D54: =IFERROR(AVERAGEIF($Z$6:$Z$21,2,D$6:D$21),D49) -> 2.040969 | E54: =IFERROR(AVERAGEIF($Z$6:$Z$21,2,E$6:E$21),E49) -> 2.0812455
A55: Cluster centre 3 | B55: =IFERROR(AVERAGEIF($Z$6:$Z$21,3,B$6:B$21),B50) -> -0.30383382 | C55: =IFERROR(AVERAGEIF($Z$6:$Z$21,3,C$6:C$21),C50) -> -0.31920916 | D55: =IFERROR(AVERAGEIF($Z$6:$Z$21,3,D$6:D$21),D50) -> -0.19977562 | E55: =IFERROR(AVERAGEIF($Z$6:$Z$21,3,E$6:E$21),E50) -> -0.37893873
A57: Iteration 6 cluster centres | B57: z: ln(avg volume) | C57: z: YoY growth FY24 | D57: z: Volatility (CV) | E57: z: Relative trend
A58: Cluster centre 1 | B58: =IFERROR(AVERAGEIF($AD$6:$AD$21,1,B$6:B$21),B53) -> 1.7226371 | C58: =IFERROR(AVERAGEIF($AD$6:$AD$21,1,C$6:C$21),C53) -> -0.19278441 | D58: =IFERROR(AVERAGEIF($AD$6:$AD$21,1,D$6:D$21),D53) -> -0.6281354 | E58: =IFERROR(AVERAGEIF($AD$6:$AD$21,1,E$6:E$21),E53) -> 0.001945012
A59: Cluster centre 2 | B59: =IFERROR(AVERAGEIF($AD$6:$AD$21,2,B$6:B$21),B54) -> -0.9128696 | C59: =IFERROR(AVERAGEIF($AD$6:$AD$21,2,C$6:C$21),C54) -> 2.044827 | D59: =IFERROR(AVERAGEIF($AD$6:$AD$21,2,D$6:D$21),D54) -> 2.040969 | E59: =IFERROR(AVERAGEIF($AD$6:$AD$21,2,E$6:E$21),E54) -> 2.0812455
A60: Cluster centre 3 | B60: =IFERROR(AVERAGEIF($AD$6:$AD$21,3,B$6:B$21),B55) -> -0.30383382 | C60: =IFERROR(AVERAGEIF($AD$6:$AD$21,3,C$6:C$21),C55) -> -0.31920916 | D60: =IFERROR(AVERAGEIF($AD$6:$AD$21,3,D$6:D$21),D55) -> -0.19977562 | E60: =IFERROR(AVERAGEIF($AD$6:$AD$21,3,E$6:E$21),E55) -> -0.37893873
A62: Iteration 7 cluster centres | B62: z: ln(avg volume) | C62: z: YoY growth FY24 | D62: z: Volatility (CV) | E62: z: Relative trend
A63: Cluster centre 1 | B63: =IFERROR(AVERAGEIF($AH$6:$AH$21,1,B$6:B$21),B58) -> 1.7226371 | C63: =IFERROR(AVERAGEIF($AH$6:$AH$21,1,C$6:C$21),C58) -> -0.19278441 | D63: =IFERROR(AVERAGEIF($AH$6:$AH$21,1,D$6:D$21),D58) -> -0.6281354 | E63: =IFERROR(AVERAGEIF($AH$6:$AH$21,1,E$6:E$21),E58) -> 0.001945012
A64: Cluster centre 2 | B64: =IFERROR(AVERAGEIF($AH$6:$AH$21,2,B$6:B$21),B59) -> -0.9128696 | C64: =IFERROR(AVERAGEIF($AH$6:$AH$21,2,C$6:C$21),C59) -> 2.044827 | D64: =IFERROR(AVERAGEIF($AH$6:$AH$21,2,D$6:D$21),D59) -> 2.040969 | E64: =IFERROR(AVERAGEIF($AH$6:$AH$21,2,E$6:E$21),E59) -> 2.0812455
A65: Cluster centre 3 | B65: =IFERROR(AVERAGEIF($AH$6:$AH$21,3,B$6:B$21),B60) -> -0.30383382 | C65: =IFERROR(AVERAGEIF($AH$6:$AH$21,3,C$6:C$21),C60) -> -0.31920916 | D65: =IFERROR(AVERAGEIF($AH$6:$AH$21,3,D$6:D$21),D60) -> -0.19977562 | E65: =IFERROR(AVERAGEIF($AH$6:$AH$21,3,E$6:E$21),E60) -> -0.37893873
A68: Results
A69: Assignments changed in last iteration | B69: =SUMPRODUCT(--(AL6:AL21<>AH6:AH21)) -> 0
A70: Converged? | B70: =IF(B69=0,"Yes","No: add iterations") -> Yes
A71: Within-cluster sum of squares (inertia) | B71: =SUMSQ(AM6:AM21) -> 18.623964
A73: Cluster | B73: Members | C73: Avg FY24 reviews | D73: Avg YoY growth | E73: Avg volatility (CV) | F73: Avg relative trend
A74: 1 | B74: =COUNTIF($F$6:$F$21,A74) -> 3 | C74: =IFERROR(AVERAGEIF($F$6:$F$21,$A74,Features!D$6:D$21),0) -> 146.33333 | D74: =IFERROR(AVERAGEIF($F$6:$F$21,$A74,Features!F$6:F$21),0) -> -0.084426122 | E74: =IFERROR(AVERAGEIF($F$6:$F$21,$A74,Features!G$6:G$21),0) -> 0.14164308 | F74: =IFERROR(AVERAGEIF($F$6:$F$21,$A74,Features!H$6:H$21),0) -> -0.019170087
A75: 2 | B75: =COUNTIF($F$6:$F$21,A75) -> 2 | C75: =IFERROR(AVERAGEIF($F$6:$F$21,$A75,Features!D$6:D$21),0) -> 47.5 | D75: =IFERROR(AVERAGEIF($F$6:$F$21,$A75,Features!F$6:F$21),0) -> 0.94722222 | E75: =IFERROR(AVERAGEIF($F$6:$F$21,$A75,Features!G$6:G$21),0) -> 0.475 | F75: =IFERROR(AVERAGEIF($F$6:$F$21,$A75,Features!H$6:H$21),0) -> 0.42142857
A76: 3 | B76: =COUNTIF($F$6:$F$21,A76) -> 11 | C76: =IFERROR(AVERAGEIF($F$6:$F$21,$A76,Features!D$6:D$21),0) -> 38.818182 | D76: =IFERROR(AVERAGEIF($F$6:$F$21,$A76,Features!F$6:F$21),0) -> -0.14271412 | E76: =IFERROR(AVERAGEIF($F$6:$F$21,$A76,Features!G$6:G$21),0) -> 0.19514294 | F76: =IFERROR(AVERAGEIF($F$6:$F$21,$A76,Features!H$6:H$21),0) -> -0.099878416

Sheet Silhouette
A1: Step 4: Cluster validation with the silhouette score
A2: s = (b - a) / max(a, b): a = mean distance to own cluster, b = mean distance to nearest other cluster. Above 0.5 strong, 0.25 to 0.5 reasonable, below 0.25 weak.
A3: Pairwise Euclidean distance matrix (standardised features)
A4: Cluster label → | C4: =KMeans!$F$6 -> 1 | D4: =KMeans!$F$7 -> 1 | E4: =KMeans!$F$8 -> 1 | F4: =KMeans!$F$9 -> 2 | G4: =KMeans!$F$10 -> 3 | H4: =KMeans!$F$11 -> 3 | I4: =KMeans!$F$12 -> 3 | J4: =KMeans!$F$13 -> 3 | K4: =KMeans!$F$14 -> 3 | L4: =KMeans!$F$15 -> 3 | M4: =KMeans!$F$16 -> 3 | N4: =KMeans!$F$17 -> 2 | O4: =KMeans!$F$18 -> 3 | P4: =KMeans!$F$19 -> 3 | Q4: =KMeans!$F$20 -> 3 | R4: =KMeans!$F$21 -> 3
A5: Sector | B5: Own cluster | C5: =KMeans!A6 -> Mining | D5: =KMeans!A7 -> Energy | E5: =KMeans!A8 -> Social infrastructure | F5: =KMeans!A9 -> Nuclear | G5: =KMeans!A10 -> Defence | H5: =KMeans!A11 -> Agriculture | I5: =KMeans!A12 -> Manufacturing | J5: =KMeans!A13 -> Financial services | K5: =KMeans!A14 -> Gaming & entertainment | L5: =KMeans!A15 -> Chemicals & pharmaceuticals | M5: =KMeans!A16 -> Renewables | N5: =KMeans!A17 -> Forestry | O5: =KMeans!A18 -> Transport | P5: =KMeans!A19 -> Technology | Q5: =KMeans!A20 -> Infrastructure | R5: =KMeans!A21 -> Other | S5: Cluster size | T5: a (own) | U5: Mean d to C1 | V5: Mean d to C2 | W5: Mean d to C3 | X5: b (nearest other) | Y5: Silhouette s
A6: =KMeans!A6 -> Mining | B6: =KMeans!F6 -> 1 | C6: =SQRT(SUMXMY2(KMeans!$B6:$E6,KMeans!$B6:$E6)) -> 0 | D6: =SQRT(SUMXMY2(KMeans!$B6:$E6,KMeans!$B7:$E7)) -> 0.97370062 | E6: =SQRT(SUMXMY2(KMeans!$B6:$E6,KMeans!$B8:$E8)) -> 2.1692571 | F6: =SQRT(SUMXMY2(KMeans!$B6:$E6,KMeans!$B9:$E9)) -> 5.7422462 | G6: =SQRT(SUMXMY2(KMeans!$B6:$E6,KMeans!$B10:$E10)) -> 2.9016472 | H6: =SQRT(SUMXMY2(KMeans!$B6:$E6,KMeans!$B11:$E11)) -> 2.5158687 | I6: =SQRT(SUMXMY2(KMeans!$B6:$E6,KMeans!$B12:$E12)) -> 2.8447097 | J6: =SQRT(SUMXMY2(KMeans!$B6:$E6,KMeans!$B13:$E13)) -> 2.2266031 | K6: =SQRT(SUMXMY2(KMeans!$B6:$E6,KMeans!$B14:$E14)) -> 2.5095335 | L6: =SQRT(SUMXMY2(KMeans!$B6:$E6,KMeans!$B15:$E15)) -> 2.4774916 | M6: =SQRT(SUMXMY2(KMeans!$B6:$E6,KMeans!$B16:$E16)) -> 3.5414629 | N6: =SQRT(SUMXMY2(KMeans!$B6:$E6,KMeans!$B17:$E17)) -> 5.2905398 | O6: =SQRT(SUMXMY2(KMeans!$B6:$E6,KMeans!$B18:$E18)) -> 3.0086433 | P6: =SQRT(SUMXMY2(KMeans!$B6:$E6,KMeans!$B19:$E19)) -> 3.0386174 | Q6: =SQRT(SUMXMY2(KMeans!$B6:$E6,KMeans!$B20:$E20)) -> 3.249144 | R6: =SQRT(SUMXMY2(KMeans!$B6:$E6,KMeans!$B21:$E21)) -> 1.8368957 | S6: =COUNTIF($C$4:$R$4,$B6) -> 3 | T6: =IF(S6<=1,0,SUMIF($C$4:$R$4,$B6,$C6:$R6)/(S6-1)) -> 1.5714789 | U6: =IF($B6=1,1000000000,IFERROR(SUMIF($C$4:$R$4,1,$C6:$R6)/COUNTIF($C$4:$R$4,1),1000000000)) -> 1000000000 | V6: =IF($B6=2,1000000000,IFERROR(SUMIF($C$4:$R$4,2,$C6:$R6)/COUNTIF($C$4:$R$4,2),1000000000)) -> 5.516393 | W6: =IF($B6=3,1000000000,IFERROR(SUMIF($C$4:$R$4,3,$C6:$R6)/COUNTIF($C$4:$R$4,3),1000000000)) -> 2.7409652 | X6: =MIN(U6:W6) -> 2.7409652 | Y6: =IF(S6<=1,0,(X6-T6)/MAX(T6,X6)) -> 0.42666953
A7: =KMeans!A7 -> Energy | B7: =KMeans!F7 -> 1 | C7: =SQRT(SUMXMY2(KMeans!$B7:$E7,KMeans!$B6:$E6)) -> 0.97370062 | D7: =SQRT(SUMXMY2(KMeans!$B7:$E7,KMeans!$B7:$E7)) -> 0 | E7: =SQRT(SUMXMY2(KMeans!$B7:$E7,KMeans!$B8:$E8)) -> 1.7217781 | F7: =SQRT(SUMXMY2(KMeans!$B7:$E7,KMeans!$B9:$E9)) -> 5.7556104 | G7: =SQRT(SUMXMY2(KMeans!$B7:$E7,KMeans!$B10:$E10)) -> 2.4684814 | H7: =SQRT(SUMXMY2(KMeans!$B7:$E7,KMeans!$B11:$E11)) -> 2.4596849 | I7: =SQRT(SUMXMY2(KMeans!$B7:$E7,KMeans!$B12:$E12)) -> 2.285844 | J7: =SQRT(SUMXMY2(KMeans!$B7:$E7,KMeans!$B13:$E13)) -> 2.0641167 | K7: =SQRT(SUMXMY2(KMeans!$B7:$E7,KMeans!$B14:$E14)) -> 2.3142939 | L7: =SQRT(SUMXMY2(KMeans!$B7:$E7,KMeans!$B15:$E15)) -> 2.6591555 | M7: =SQRT(SUMXMY2(KMeans!$B7:$E7,KMeans!$B16:$E16)) -> 3.6915165 | N7: =SQRT(SUMXMY2(KMeans!$B7:$E7,KMeans!$B17:$E17)) -> 5.3388254 | O7: =SQRT(SUMXMY2(KMeans!$B7:$E7,KMeans!$B18:$E18)) -> 2.9850809 | P7: =SQRT(SUMXMY2(KMeans!$B7:$E7,KMeans!$B19:$E19)) -> 3.0623542 | Q7: =SQRT(SUMXMY2(KMeans!$B7:$E7,KMeans!$B20:$E20)) -> 3.3725314 | R7: =SQRT(SUMXMY2(KMeans!$B7:$E7,KMeans!$B21:$E21)) -> 1.576572 | S7: =COUNTIF($C$4:$R$4,$B7) -> 3 | T7: =IF(S7<=1,0,SUMIF($C$4:$R$4,$B7,$C7:$R7)/(S7-1)) -> 1.3477393 | U7: =IF($B7=1,1000000000,IFERROR(SUMIF($C$4:$R$4,1,$C7:$R7)/COUNTIF($C$4:$R$4,1),1000000000)) -> 1000000000 | V7: =IF($B7=2,1000000000,IFERROR(SUMIF($C$4:$R$4,2,$C7:$R7)/COUNTIF($C$4:$R$4,2),1000000000)) -> 5.5472179 | W7: =IF($B7=3,1000000000,IFERROR(SUMIF($C$4:$R$4,3,$C7:$R7)/COUNTIF($C$4:$R$4,3),1000000000)) -> 2.6308756 | X7: =MIN(U7:W7) -> 2.6308756 | Y7: =IF(S7<=1,0,(X7-T7)/MAX(T7,X7)) -> 0.48772213
A8: =KMeans!A8 -> Social infrastructure | B8: =KMeans!F8 -> 1 | C8: =SQRT(SUMXMY2(KMeans!$B8:$E8,KMeans!$B6:$E6)) -> 2.1692571 | D8: =SQRT(SUMXMY2(KMeans!$B8:$E8,KMeans!$B7:$E7)) -> 1.7217781 | E8: =SQRT(SUMXMY2(KMeans!$B8:$E8,KMeans!$B8:$E8)) -> 0 | F8: =SQRT(SUMXMY2(KMeans!$B8:$E8,KMeans!$B9:$E9)) -> 4.2872111 | G8: =SQRT(SUMXMY2(KMeans!$B8:$E8,KMeans!$B10:$E10)) -> 1.0701157 | H8: =SQRT(SUMXMY2(KMeans!$B8:$E8,KMeans!$B11:$E11)) -> 1.5538027 | I8: =SQRT(SUMXMY2(KMeans!$B8:$E8,KMeans!$B12:$E12)) -> 1.5540993 | J8: =SQRT(SUMXMY2(KMeans!$B8:$E8,KMeans!$B13:$E13)) -> 1.7581355 | K8: =SQRT(SUMXMY2(KMeans!$B8:$E8,KMeans!$B14:$E14)) -> 1.7007405 | L8: =SQRT(SUMXMY2(KMeans!$B8:$E8,KMeans!$B15:$E15)) -> 2.5066237 | M8: =SQRT(SUMXMY2(KMeans!$B8:$E8,KMeans!$B16:$E16)) -> 2.969905 | N8: =SQRT(SUMXMY2(KMeans!$B8:$E8,KMeans!$B17:$E17)) -> 3.8178905 | O8: =SQRT(SUMXMY2(KMeans!$B8:$E8,KMeans!$B18:$E18)) -> 2.5047764 | P8: =SQRT(SUMXMY2(KMeans!$B8:$E8,KMeans!$B19:$E19)) -> 2.6236998 | Q8: =SQRT(SUMXMY2(KMeans!$B8:$E8,KMeans!$B20:$E20)) -> 3.0106201 | R8: =SQRT(SUMXMY2(KMeans!$B8:$E8,KMeans!$B21:$E21)) -> 1.4937625 | S8: =COUNTIF($C$4:$R$4,$B8) -> 3 | T8: =IF(S8<=1,0,SUMIF($C$4:$R$4,$B8,$C8:$R8)/(S8-1)) -> 1.9455176 | U8: =IF($B8=1,1000000000,IFERROR(SUMIF($C$4:$R$4,1,$C8:$R8)/COUNTIF($C$4:$R$4,1),1000000000)) -> 1000000000 | V8: =IF($B8=2,1000000000,IFERROR(SUMIF($C$4:$R$4,2,$C8:$R8)/COUNTIF($C$4:$R$4,2),1000000000)) -> 4.0525508 | W8: =IF($B8=3,1000000000,IFERROR(SUMIF($C$4:$R$4,3,$C8:$R8)/COUNTIF($C$4:$R$4,3),1000000000)) -> 2.0678438 | X8: =MIN(U8:W8) -> 2.0678438 | Y8: =IF(S8<=1,0,(X8-T8)/MAX(T8,X8)) -> 0.059156388
A9: =KMeans!A9 -> Nuclear | B9: =KMeans!F9 -> 2 | C9: =SQRT(SUMXMY2(KMeans!$B9:$E9,KMeans!$B6:$E6)) -> 5.7422462 | D9: =SQRT(SUMXMY2(KMeans!$B9:$E9,KMeans!$B7:$E7)) -> 5.7556104 | E9: =SQRT(SUMXMY2(KMeans!$B9:$E9,KMeans!$B8:$E8)) -> 4.2872111 | F9: =SQRT(SUMXMY2(KMeans!$B9:$E9,KMeans!$B9:$E9)) -> 0 | G9: =SQRT(SUMXMY2(KMeans!$B9:$E9,KMeans!$B10:$E10)) -> 4.2543402 | H9: =SQRT(SUMXMY2(KMeans!$B9:$E9,KMeans!$B11:$E11)) -> 4.5045363 | I9: =SQRT(SUMXMY2(KMeans!$B9:$E9,KMeans!$B12:$E12)) -> 5.1806285 | J9: =SQRT(SUMXMY2(KMeans!$B9:$E9,KMeans!$B13:$E13)) -> 5.18654 | K9: =SQRT(SUMXMY2(KMeans!$B9:$E9,KMeans!$B14:$E14)) -> 4.9886848 | L9: =SQRT(SUMXMY2(KMeans!$B9:$E9,KMeans!$B15:$E15)) -> 5.2725496 | M9: =SQRT(SUMXMY2(KMeans!$B9:$E9,KMeans!$B16:$E16)) -> 4.06883 | N9: =SQRT(SUMXMY2(KMeans!$B9:$E9,KMeans!$B17:$E17)) -> 2.5035704 | O9: =SQRT(SUMXMY2(KMeans!$B9:$E9,KMeans!$B18:$E18)) -> 5.0024125 | P9: =SQRT(SUMXMY2(KMeans!$B9:$E9,KMeans!$B19:$E19)) -> 5.0457921 | Q9: =SQRT(SUMXMY2(KMeans!$B9:$E9,KMeans!$B20:$E20)) -> 5.3340983 | R9: =SQRT(SUMXMY2(KMeans!$B9:$E9,KMeans!$B21:$E21)) -> 5.2621972 | S9: =COUNTIF($C$4:$R$4,$B9) -> 2 | T9: =IF(S9<=1,0,SUMIF($C$4:$R$4,$B9,$C9:$R9)/(S9-1)) -> 2.5035704 | U9: =IF($B9=1,1000000000,IFERROR(SUMIF($C$4:$R$4,1,$C9:$R9)/COUNTIF($C$4:$R$4,1),1000000000)) -> 5.2616892 | V9: =IF($B9=2,1000000000,IFERROR(SUMIF($C$4:$R$4,2,$C9:$R9)/COUNTIF($C$4:$R$4,2),1000000000)) -> 1000000000 | W9: =IF($B9=3,1000000000,IFERROR(SUMIF($C$4:$R$4,3,$C9:$R9)/COUNTIF($C$4:$R$4,3),1000000000)) -> 4.9182372 | X9: =MIN(U9:W9) -> 4.9182372 | Y9: =IF(S9<=1,0,(X9-T9)/MAX(T9,X9)) -> 0.49096184
A10: =KMeans!A10 -> Defence | B10: =KMeans!F10 -> 3 | C10: =SQRT(SUMXMY2(KMeans!$B10:$E10,KMeans!$B6:$E6)) -> 2.9016472 | D10: =SQRT(SUMXMY2(KMeans!$B10:$E10,KMeans!$B7:$E7)) -> 2.4684814 | E10: =SQRT(SUMXMY2(KMeans!$B10:$E10,KMeans!$B8:$E8)) -> 1.0701157 | F10: =SQRT(SUMXMY2(KMeans!$B10:$E10,KMeans!$B9:$E9)) -> 4.2543402 | G10: =SQRT(SUMXMY2(KMeans!$B10:$E10,KMeans!$B10:$E10)) -> 0 | H10: =SQRT(SUMXMY2(KMeans!$B10:$E10,KMeans!$B11:$E11)) -> 1.1877624 | I10: =SQRT(SUMXMY2(KMeans!$B10:$E10,KMeans!$B12:$E12)) -> 0.94288136 | J10: =SQRT(SUMXMY2(KMeans!$B10:$E10,KMeans!$B13:$E13)) -> 1.4499766 | K10: =SQRT(SUMXMY2(KMeans!$B10:$E10,KMeans!$B14:$E14)) -> 1.1960759 | L10: =SQRT(SUMXMY2(KMeans!$B10:$E10,KMeans!$B15:$E15)) -> 2.225838 | M10: =SQRT(SUMXMY2(KMeans!$B10:$E10,KMeans!$B16:$E16)) -> 2.5955572 | N10: =SQRT(SUMXMY2(KMeans!$B10:$E10,KMeans!$B17:$E17)) -> 3.38548 | O10: =SQRT(SUMXMY2(KMeans!$B10:$E10,KMeans!$B18:$E18)) -> 1.952448 | P10: =SQRT(SUMXMY2(KMeans!$B10:$E10,KMeans!$B19:$E19)) -> 2.0972373 | Q10: =SQRT(SUMXMY2(KMeans!$B10:$E10,KMeans!$B20:$E20)) -> 2.4762675 | R10: =SQRT(SUMXMY2(KMeans!$B10:$E10,KMeans!$B21:$E21)) -> 1.4726602 | S10: =COUNTIF($C$4:$R$4,$B10) -> 11 | T10: =IF(S10<=1,0,SUMIF($C$4:$R$4,$B10,$C10:$R10)/(S10-1)) -> 1.7596704 | U10: =IF($B10=1,1000000000,IFERROR(SUMIF($C$4:$R$4,1,$C10:$R10)/COUNTIF($C$4:$R$4,1),1000000000)) -> 2.1467481 | V10: =IF($B10=2,1000000000,IFERROR(SUMIF($C$4:$R$4,2,$C10:$R10)/COUNTIF($C$4:$R$4,2),1000000000)) -> 3.8199101 | W10: =IF($B10=3,1000000000,IFERROR(SUMIF($C$4:$R$4,3,$C10:$R10)/COUNTIF($C$4:$R$4,3),1000000000)) -> 1000000000 | X10: =MIN(U10:W10) -> 2.1467481 | Y10: =IF(S10<=1,0,(X10-T10)/MAX(T10,X10)) -> 0.18030884
A11: =KMeans!A11 -> Agriculture | B11: =KMeans!F11 -> 3 | C11: =SQRT(SUMXMY2(KMeans!$B11:$E11,KMeans!$B6:$E6)) -> 2.5158687 | D11: =SQRT(SUMXMY2(KMeans!$B11:$E11,KMeans!$B7:$E7)) -> 2.4596849 | E11: =SQRT(SUMXMY2(KMeans!$B11:$E11,KMeans!$B8:$E8)) -> 1.5538027 | F11: =SQRT(SUMXMY2(KMeans!$B11:$E11,KMeans!$B9:$E9)) -> 4.5045363 | G11: =SQRT(SUMXMY2(KMeans!$B11:$E11,KMeans!$B10:$E10)) -> 1.1877624 | H11: =SQRT(SUMXMY2(KMeans!$B11:$E11,KMeans!$B11:$E11)) -> 0 | I11: =SQRT(SUMXMY2(KMeans!$B11:$E11,KMeans!$B12:$E12)) -> 1.4768766 | J11: =SQRT(SUMXMY2(KMeans!$B11:$E11,KMeans!$B13:$E13)) -> 0.99565002 | K11: =SQRT(SUMXMY2(KMeans!$B11:$E11,KMeans!$B14:$E14)) -> 0.71436016 | L11: =SQRT(SUMXMY2(KMeans!$B11:$E11,KMeans!$B15:$E15)) -> 1.4318329 | M11: =SQRT(SUMXMY2(KMeans!$B11:$E11,KMeans!$B16:$E16)) -> 2.2913444 | N11: =SQRT(SUMXMY2(KMeans!$B11:$E11,KMeans!$B17:$E17)) -> 3.2476124 | O11: =SQRT(SUMXMY2(KMeans!$B11:$E11,KMeans!$B18:$E18)) -> 1.5311363 | P11: =SQRT(SUMXMY2(KMeans!$B11:$E11,KMeans!$B19:$E19)) -> 1.6109002 | Q11: =SQRT(SUMXMY2(KMeans!$B11:$E11,KMeans!$B20:$E20)) -> 1.7610615 | R11: =SQRT(SUMXMY2(KMeans!$B11:$E11,KMeans!$B21:$E21)) -> 1.2017781 | S11: =COUNTIF($C$4:$R$4,$B11) -> 11 | T11: =IF(S11<=1,0,SUMIF($C$4:$R$4,$B11,$C11:$R11)/(S11-1)) -> 1.4202703 | U11: =IF($B11=1,1000000000,IFERROR(SUMIF($C$4:$R$4,1,$C11:$R11)/COUNTIF($C$4:$R$4,1),1000000000)) -> 2.1764521 | V11: =IF($B11=2,1000000000,IFERROR(SUMIF($C$4:$R$4,2,$C11:$R11)/COUNTIF($C$4:$R$4,2),1000000000)) -> 3.8760743 | W11: =IF($B11=3,1000000000,IFERROR(SUMIF($C$4:$R$4,3,$C11:$R11)/COUNTIF($C$4:$R$4,3),1000000000)) -> 1000000000 | X11: =MIN(U11:W11) -> 2.1764521 | Y11: =IF(S11<=1,0,(X11-T11)/MAX(T11,X11)) -> 0.34743785
A12: =KMeans!A12 -> Manufacturing | B12: =KMeans!F12 -> 3 | C12: =SQRT(SUMXMY2(KMeans!$B12:$E12,KMeans!$B6:$E6)) -> 2.8447097 | D12: =SQRT(SUMXMY2(KMeans!$B12:$E12,KMeans!$B7:$E7)) -> 2.285844 | E12: =SQRT(SUMXMY2(KMeans!$B12:$E12,KMeans!$B8:$E8)) -> 1.5540993 | F12: =SQRT(SUMXMY2(KMeans!$B12:$E12,KMeans!$B9:$E9)) -> 5.1806285 | G12: =SQRT(SUMXMY2(KMeans!$B12:$E12,KMeans!$B10:$E10)) -> 0.94288136 | H12: =SQRT(SUMXMY2(KMeans!$B12:$E12,KMeans!$B11:$E11)) -> 1.4768766 | I12: =SQRT(SUMXMY2(KMeans!$B12:$E12,KMeans!$B12:$E12)) -> 0 | J12: =SQRT(SUMXMY2(KMeans!$B12:$E12,KMeans!$B13:$E13)) -> 1.1674693 | K12: =SQRT(SUMXMY2(KMeans!$B12:$E12,KMeans!$B14:$E14)) -> 1.0220467 | L12: =SQRT(SUMXMY2(KMeans!$B12:$E12,KMeans!$B15:$E15)) -> 2.1097128 | M12: =SQRT(SUMXMY2(KMeans!$B12:$E12,KMeans!$B16:$E16)) -> 2.9507229 | N12: =SQRT(SUMXMY2(KMeans!$B12:$E12,KMeans!$B17:$E17)) -> 4.1903302 | O12: =SQRT(SUMXMY2(KMeans!$B12:$E12,KMeans!$B18:$E18)) -> 1.8695499 | P12: =SQRT(SUMXMY2(KMeans!$B12:$E12,KMeans!$B19:$E19)) -> 2.0225402 | Q12: =SQRT(SUMXMY2(KMeans!$B12:$E12,KMeans!$B20:$E20)) -> 2.3615465 | R12: =SQRT(SUMXMY2(KMeans!$B12:$E12,KMeans!$B21:$E21)) -> 1.1655116 | S12: =COUNTIF($C$4:$R$4,$B12) -> 11 | T12: =IF(S12<=1,0,SUMIF($C$4:$R$4,$B12,$C12:$R12)/(S12-1)) -> 1.7088858 | U12: =IF($B12=1,1000000000,IFERROR(SUMIF($C$4:$R$4,1,$C12:$R12)/COUNTIF($C$4:$R$4,1),1000000000)) -> 2.2282177 | V12: =IF($B12=2,1000000000,IFERROR(SUMIF($C$4:$R$4,2,$C12:$R12)/COUNTIF($C$4:$R$4,2),1000000000)) -> 4.6854793 | W12: =IF($B12=3,1000000000,IFERROR(SUMIF($C$4:$R$4,3,$C12:$R12)/COUNTIF($C$4:$R$4,3),1000000000)) -> 1000000000 | X12: =MIN(U12:W12) -> 2.2282177 | Y12: =IF(S12<=1,0,(X12-T12)/MAX(T12,X12)) -> 0.23307054
A13: =KMeans!A13 -> Financial services | B13: =KMeans!F13 -> 3 | C13: =SQRT(SUMXMY2(KMeans!$B13:$E13,KMeans!$B6:$E6)) -> 2.2266031 | D13: =SQRT(SUMXMY2(KMeans!$B13:$E13,KMeans!$B7:$E7)) -> 2.0641167 | E13: =SQRT(SUMXMY2(KMeans!$B13:$E13,KMeans!$B8:$E8)) -> 1.7581355 | F13: =SQRT(SUMXMY2(KMeans!$B13:$E13,KMeans!$B9:$E9)) -> 5.18654 | G13: =SQRT(SUMXMY2(KMeans!$B13:$E13,KMeans!$B10:$E10)) -> 1.4499766 | H13: =SQRT(SUMXMY2(KMeans!$B13:$E13,KMeans!$B11:$E11)) -> 0.99565002 | I13: =SQRT(SUMXMY2(KMeans!$B13:$E13,KMeans!$B12:$E12)) -> 1.1674693 | J13: =SQRT(SUMXMY2(KMeans!$B13:$E13,KMeans!$B13:$E13)) -> 0 | K13: =SQRT(SUMXMY2(KMeans!$B13:$E13,KMeans!$B14:$E14)) -> 0.42702355 | L13: =SQRT(SUMXMY2(KMeans!$B13:$E13,KMeans!$B15:$E15)) -> 0.99027434 | M13: =SQRT(SUMXMY2(KMeans!$B13:$E13,KMeans!$B16:$E16)) -> 2.2868745 | N13: =SQRT(SUMXMY2(KMeans!$B13:$E13,KMeans!$B17:$E17)) -> 4.1257076 | O13: =SQRT(SUMXMY2(KMeans!$B13:$E13,KMeans!$B18:$E18)) -> 1.1022984 | P13: =SQRT(SUMXMY2(KMeans!$B13:$E13,KMeans!$B19:$E19)) -> 1.2011418 | Q13: =SQRT(SUMXMY2(KMeans!$B13:$E13,KMeans!$B20:$E20)) -> 1.464561 | R13: =SQRT(SUMXMY2(KMeans!$B13:$E13,KMeans!$B21:$E21)) -> 0.49380421 | S13: =COUNTIF($C$4:$R$4,$B13) -> 11 | T13: =IF(S13<=1,0,SUMIF($C$4:$R$4,$B13,$C13:$R13)/(S13-1)) -> 1.1579074 | U13: =IF($B13=1,1000000000,IFERROR(SUMIF($C$4:$R$4,1,$C13:$R13)/COUNTIF($C$4:$R$4,1),1000000000)) -> 2.0162851 | V13: =IF($B13=2,1000000000,IFERROR(SUMIF($C$4:$R$4,2,$C13:$R13)/COUNTIF($C$4:$R$4,2),1000000000)) -> 4.6561238 | W13: =IF($B13=3,1000000000,IFERROR(SUMIF($C$4:$R$4,3,$C13:$R13)/COUNTIF($C$4:$R$4,3),1000000000)) -> 1000000000 | X13: =MIN(U13:W13) -> 2.0162851 | Y13: =IF(S13<=1,0,(X13-T13)/MAX(T13,X13)) -> 0.4257224
A14: =KMeans!A14 -> Gaming & entertainment | B14: =KMeans!F14 -> 3 | C14: =SQRT(SUMXMY2(KMeans!$B14:$E14,KMeans!$B6:$E6)) -> 2.5095335 | D14: =SQRT(SUMXMY2(KMeans!$B14:$E14,KMeans!$B7:$E7)) -> 2.3142939 | E14: =SQRT(SUMXMY2(KMeans!$B14:$E14,KMeans!$B8:$E8)) -> 1.7007405 | F14: =SQRT(SUMXMY2(KMeans!$B14:$E14,KMeans!$B9:$E9)) -> 4.9886848 | G14: =SQRT(SUMXMY2(KMeans!$B14:$E14,KMeans!$B10:$E10)) -> 1.1960759 | H14: =SQRT(SUMXMY2(KMeans!$B14:$E14,KMeans!$B11:$E11)) -> 0.71436016 | I14: =SQRT(SUMXMY2(KMeans!$B14:$E14,KMeans!$B12:$E12)) -> 1.0220467 | J14: =SQRT(SUMXMY2(KMeans!$B14:$E14,KMeans!$B13:$E13)) -> 0.42702355 | K14: =SQRT(SUMXMY2(KMeans!$B14:$E14,KMeans!$B14:$E14)) -> 0 | L14: =SQRT(SUMXMY2(KMeans!$B14:$E14,KMeans!$B15:$E15)) -> 1.1904284 | M14: =SQRT(SUMXMY2(KMeans!$B14:$E14,KMeans!$B16:$E16)) -> 2.3132467 | N14: =SQRT(SUMXMY2(KMeans!$B14:$E14,KMeans!$B17:$E17)) -> 3.8013507 | O14: =SQRT(SUMXMY2(KMeans!$B14:$E14,KMeans!$B18:$E18)) -> 1.1672503 | P14: =SQRT(SUMXMY2(KMeans!$B14:$E14,KMeans!$B19:$E19)) -> 1.2810636 | Q14: =SQRT(SUMXMY2(KMeans!$B14:$E14,KMeans!$B20:$E20)) -> 1.5067185 | R14: =SQRT(SUMXMY2(KMeans!$B14:$E14,KMeans!$B21:$E21)) -> 0.78737363 | S14: =COUNTIF($C$4:$R$4,$B14) -> 11 | T14: =IF(S14<=1,0,SUMIF($C$4:$R$4,$B14,$C14:$R14)/(S14-1)) -> 1.1605587 | U14: =IF($B14=1,1000000000,IFERROR(SUMIF($C$4:$R$4,1,$C14:$R14)/COUNTIF($C$4:$R$4,1),1000000000)) -> 2.1748559 | V14: =IF($B14=2,1000000000,IFERROR(SUMIF($C$4:$R$4,2,$C14:$R14)/COUNTIF($C$4:$R$4,2),1000000000)) -> 4.3950177 | W14: =IF($B14=3,1000000000,IFERROR(SUMIF($C$4:$R$4,3,$C14:$R14)/COUNTIF($C$4:$R$4,3),1000000000)) -> 1000000000 | X14: =MIN(U14:W14) -> 2.1748559 | Y14: =IF(S14<=1,0,(X14-T14)/MAX(T14,X14)) -> 0.46637444
A15: =KMeans!A15 -> Chemicals & pharmaceuticals | B15: =KMeans!F15 -> 3 | C15: =SQRT(SUMXMY2(KMeans!$B15:$E15,KMeans!$B6:$E6)) -> 2.4774916 | D15: =SQRT(SUMXMY2(KMeans!$B15:$E15,KMeans!$B7:$E7)) -> 2.6591555 | E15: =SQRT(SUMXMY2(KMeans!$B15:$E15,KMeans!$B8:$E8)) -> 2.5066237 | F15: =SQRT(SUMXMY2(KMeans!$B15:$E15,KMeans!$B9:$E9)) -> 5.2725496 | G15: =SQRT(SUMXMY2(KMeans!$B15:$E15,KMeans!$B10:$E10)) -> 2.225838 | H15: =SQRT(SUMXMY2(KMeans!$B15:$E15,KMeans!$B11:$E11)) -> 1.4318329 | I15: =SQRT(SUMXMY2(KMeans!$B15:$E15,KMeans!$B12:$E12)) -> 2.1097128 | J15: =SQRT(SUMXMY2(KMeans!$B15:$E15,KMeans!$B13:$E13)) -> 0.99027434 | K15: =SQRT(SUMXMY2(KMeans!$B15:$E15,KMeans!$B14:$E14)) -> 1.1904284 | L15: =SQRT(SUMXMY2(KMeans!$B15:$E15,KMeans!$B15:$E15)) -> 0 | M15: =SQRT(SUMXMY2(KMeans!$B15:$E15,KMeans!$B16:$E16)) -> 1.821212 | N15: =SQRT(SUMXMY2(KMeans!$B15:$E15,KMeans!$B17:$E17)) -> 4.1472849 | O15: =SQRT(SUMXMY2(KMeans!$B15:$E15,KMeans!$B18:$E18)) -> 0.81985834 | P15: =SQRT(SUMXMY2(KMeans!$B15:$E15,KMeans!$B19:$E19)) -> 0.76227014 | Q15: =SQRT(SUMXMY2(KMeans!$B15:$E15,KMeans!$B20:$E20)) -> 0.77352138 | R15: =SQRT(SUMXMY2(KMeans!$B15:$E15,KMeans!$B21:$E21)) -> 1.3317363 | S15: =COUNTIF($C$4:$R$4,$B15) -> 11 | T15: =IF(S15<=1,0,SUMIF($C$4:$R$4,$B15,$C15:$R15)/(S15-1)) -> 1.3456684 | U15: =IF($B15=1,1000000000,IFERROR(SUMIF($C$4:$R$4,1,$C15:$R15)/COUNTIF($C$4:$R$4,1),1000000000)) -> 2.5477569 | V15: =IF($B15=2,1000000000,IFERROR(SUMIF($C$4:$R$4,2,$C15:$R15)/COUNTIF($C$4:$R$4,2),1000000000)) -> 4.7099173 | W15: =IF($B15=3,1000000000,IFERROR(SUMIF($C$4:$R$4,3,$C15:$R15)/COUNTIF($C$4:$R$4,3),1000000000)) -> 1000000000 | X15: =MIN(U15:W15) -> 2.5477569 | Y15: =IF(S15<=1,0,(X15-T15)/MAX(T15,X15)) -> 0.47182228
A16: =KMeans!A16 -> Renewables | B16: =KMeans!F16 -> 3 | C16: =SQRT(SUMXMY2(KMeans!$B16:$E16,KMeans!$B6:$E6)) -> 3.5414629 | D16: =SQRT(SUMXMY2(KMeans!$B16:$E16,KMeans!$B7:$E7)) -> 3.6915165 | E16: =SQRT(SUMXMY2(KMeans!$B16:$E16,KMeans!$B8:$E8)) -> 2.969905 | F16: =SQRT(SUMXMY2(KMeans!$B16:$E16,KMeans!$B9:$E9)) -> 4.06883 | G16: =SQRT(SUMXMY2(KMeans!$B16:$E16,KMeans!$B10:$E10)) -> 2.5955572 | H16: =SQRT(SUMXMY2(KMeans!$B16:$E16,KMeans!$B11:$E11)) -> 2.2913444 | I16: =SQRT(SUMXMY2(KMeans!$B16:$E16,KMeans!$B12:$E12)) -> 2.9507229 | J16: =SQRT(SUMXMY2(KMeans!$B16:$E16,KMeans!$B13:$E13)) -> 2.2868745 | K16: =SQRT(SUMXMY2(KMeans!$B16:$E16,KMeans!$B14:$E14)) -> 2.3132467 | L16: =SQRT(SUMXMY2(KMeans!$B16:$E16,KMeans!$B15:$E15)) -> 1.821212 | M16: =SQRT(SUMXMY2(KMeans!$B16:$E16,KMeans!$B16:$E16)) -> 0 | N16: =SQRT(SUMXMY2(KMeans!$B16:$E16,KMeans!$B17:$E17)) -> 3.4581805 | O16: =SQRT(SUMXMY2(KMeans!$B16:$E16,KMeans!$B18:$E18)) -> 1.4622558 | P16: =SQRT(SUMXMY2(KMeans!$B16:$E16,KMeans!$B19:$E19)) -> 1.4146136 | Q16: =SQRT(SUMXMY2(KMeans!$B16:$E16,KMeans!$B20:$E20)) -> 1.7126484 | R16: =SQRT(SUMXMY2(KMeans!$B16:$E16,KMeans!$B21:$E21)) -> 2.5687522 | S16: =COUNTIF($C$4:$R$4,$B16) -> 11 | T16: =IF(S16<=1,0,SUMIF($C$4:$R$4,$B16,$C16:$R16)/(S16-1)) -> 2.1417227 | U16: =IF($B16=1,1000000000,IFERROR(SUMIF($C$4:$R$4,1,$C16:$R16)/COUNTIF($C$4:$R$4,1),1000000000)) -> 3.4009615 | V16: =IF($B16=2,1000000000,IFERROR(SUMIF($C$4:$R$4,2,$C16:$R16)/COUNTIF($C$4:$R$4,2),1000000000)) -> 3.7635053 | W16: =IF($B16=3,1000000000,IFERROR(SUMIF($C$4:$R$4,3,$C16:$R16)/COUNTIF($C$4:$R$4,3),1000000000)) -> 1000000000 | X16: =MIN(U16:W16) -> 3.4009615 | Y16: =IF(S16<=1,0,(X16-T16)/MAX(T16,X16)) -> 0.37025962
A17: =KMeans!A17 -> Forestry | B17: =KMeans!F17 -> 2 | C17: =SQRT(SUMXMY2(KMeans!$B17:$E17,KMeans!$B6:$E6)) -> 5.2905398 | D17: =SQRT(SUMXMY2(KMeans!$B17:$E17,KMeans!$B7:$E7)) -> 5.3388254 | E17: =SQRT(SUMXMY2(KMeans!$B17:$E17,KMeans!$B8:$E8)) -> 3.8178905 | F17: =SQRT(SUMXMY2(KMeans!$B17:$E17,KMeans!$B9:$E9)) -> 2.5035704 | G17: =SQRT(SUMXMY2(KMeans!$B17:$E17,KMeans!$B10:$E10)) -> 3.38548 | H17: =SQRT(SUMXMY2(KMeans!$B17:$E17,KMeans!$B11:$E11)) -> 3.2476124 | I17: =SQRT(SUMXMY2(KMeans!$B17:$E17,KMeans!$B12:$E12)) -> 4.1903302 | J17: =SQRT(SUMXMY2(KMeans!$B17:$E17,KMeans!$B13:$E13)) -> 4.1257076 | K17: =SQRT(SUMXMY2(KMeans!$B17:$E17,KMeans!$B14:$E14)) -> 3.8013507 | L17: =SQRT(SUMXMY2(KMeans!$B17:$E17,KMeans!$B15:$E15)) -> 4.1472849 | M17: =SQRT(SUMXMY2(KMeans!$B17:$E17,KMeans!$B16:$E16)) -> 3.4581805 | N17: =SQRT(SUMXMY2(KMeans!$B17:$E17,KMeans!$B17:$E17)) -> 0 | O17: =SQRT(SUMXMY2(KMeans!$B17:$E17,KMeans!$B18:$E18)) -> 3.9250723 | P17: =SQRT(SUMXMY2(KMeans!$B17:$E17,KMeans!$B19:$E19)) -> 3.9553615 | Q17: =SQRT(SUMXMY2(KMeans!$B17:$E17,KMeans!$B20:$E20)) -> 4.0182363 | R17: =SQRT(SUMXMY2(KMeans!$B17:$E17,KMeans!$B21:$E21)) -> 4.3635121 | S17: =COUNTIF($C$4:$R$4,$B17) -> 2 | T17: =IF(S17<=1,0,SUMIF($C$4:$R$4,$B17,$C17:$R17)/(S17-1)) -> 2.5035704 | U17: =IF($B17=1,1000000000,IFERROR(SUMIF($C$4:$R$4,1,$C17:$R17)/COUNTIF($C$4:$R$4,1),1000000000)) -> 4.8157519 | V17: =IF($B17=2,1000000000,IFERROR(SUMIF($C$4:$R$4,2,$C17:$R17)/COUNTIF($C$4:$R$4,2),1000000000)) -> 1000000000 | W17: =IF($B17=3,1000000000,IFERROR(SUMIF($C$4:$R$4,3,$C17:$R17)/COUNTIF($C$4:$R$4,3),1000000000)) -> 3.8743753 | X17: =MIN(U17:W17) -> 3.8743753 | Y17: =IF(S17<=1,0,(X17-T17)/MAX(T17,X17)) -> 0.35381313
A18: =KMeans!A18 -> Transport | B18: =KMeans!F18 -> 3 | C18: =SQRT(SUMXMY2(KMeans!$B18:$E18,KMeans!$B6:$E6)) -> 3.0086433 | D18: =SQRT(SUMXMY2(KMeans!$B18:$E18,KMeans!$B7:$E7)) -> 2.9850809 | E18: =SQRT(SUMXMY2(KMeans!$B18:$E18,KMeans!$B8:$E8)) -> 2.5047764 | F18: =SQRT(SUMXMY2(KMeans!$B18:$E18,KMeans!$B9:$E9)) -> 5.0024125 | G18: =SQRT(SUMXMY2(KMeans!$B18:$E18,KMeans!$B10:$E10)) -> 1.952448 | H18: =SQRT(SUMXMY2(KMeans!$B18:$E18,KMeans!$B11:$E11)) -> 1.5311363 | I18: =SQRT(SUMXMY2(KMeans!$B18:$E18,KMeans!$B12:$E12)) -> 1.8695499 | J18: =SQRT(SUMXMY2(KMeans!$B18:$E18,KMeans!$B13:$E13)) -> 1.1022984 | K18: =SQRT(SUMXMY2(KMeans!$B18:$E18,KMeans!$B14:$E14)) -> 1.1672503 | L18: =SQRT(SUMXMY2(KMeans!$B18:$E18,KMeans!$B15:$E15)) -> 0.81985834 | M18: =SQRT(SUMXMY2(KMeans!$B18:$E18,KMeans!$B16:$E16)) -> 1.4622558 | N18: =SQRT(SUMXMY2(KMeans!$B18:$E18,KMeans!$B17:$E17)) -> 3.9250723 | O18: =SQRT(SUMXMY2(KMeans!$B18:$E18,KMeans!$B18:$E18)) -> 0 | P18: =SQRT(SUMXMY2(KMeans!$B18:$E18,KMeans!$B19:$E19)) -> 0.16411206 | Q18: =SQRT(SUMXMY2(KMeans!$B18:$E18,KMeans!$B20:$E20)) -> 0.71055298 | R18: =SQRT(SUMXMY2(KMeans!$B18:$E18,KMeans!$B21:$E21)) -> 1.5220581 | S18: =COUNTIF($C$4:$R$4,$B18) -> 11 | T18: =IF(S18<=1,0,SUMIF($C$4:$R$4,$B18,$C18:$R18)/(S18-1)) -> 1.230152 | U18: =IF($B18=1,1000000000,IFERROR(SUMIF($C$4:$R$4,1,$C18:$R18)/COUNTIF($C$4:$R$4,1),1000000000)) -> 2.8328335 | V18: =IF($B18=2,1000000000,IFERROR(SUMIF($C$4:$R$4,2,$C18:$R18)/COUNTIF($C$4:$R$4,2),1000000000)) -> 4.4637424 | W18: =IF($B18=3,1000000000,IFERROR(SUMIF($C$4:$R$4,3,$C18:$R18)/COUNTIF($C$4:$R$4,3),1000000000)) -> 1000000000 | X18: =MIN(U18:W18) -> 2.8328335 | Y18: =IF(S18<=1,0,(X18-T18)/MAX(T18,X18)) -> 0.5657521
A19: =KMeans!A19 -> Technology | B19: =KMeans!F19 -> 3 | C19: =SQRT(SUMXMY2(KMeans!$B19:$E19,KMeans!$B6:$E6)) -> 3.0386174 | D19: =SQRT(SUMXMY2(KMeans!$B19:$E19,KMeans!$B7:$E7)) -> 3.0623542 | E19: =SQRT(SUMXMY2(KMeans!$B19:$E19,KMeans!$B8:$E8)) -> 2.6236998 | F19: =SQRT(SUMXMY2(KMeans!$B19:$E19,KMeans!$B9:$E9)) -> 5.0457921 | G19: =SQRT(SUMXMY2(KMeans!$B19:$E19,KMeans!$B10:$E10)) -> 2.0972373 | H19: =SQRT(SUMXMY2(KMeans!$B19:$E19,KMeans!$B11:$E11)) -> 1.6109002 | I19: =SQRT(SUMXMY2(KMeans!$B19:$E19,KMeans!$B12:$E12)) -> 2.0225402 | J19: =SQRT(SUMXMY2(KMeans!$B19:$E19,KMeans!$B13:$E13)) -> 1.2011418 | K19: =SQRT(SUMXMY2(KMeans!$B19:$E19,KMeans!$B14:$E14)) -> 1.2810636 | L19: =SQRT(SUMXMY2(KMeans!$B19:$E19,KMeans!$B15:$E15)) -> 0.76227014 | M19: =SQRT(SUMXMY2(KMeans!$B19:$E19,KMeans!$B16:$E16)) -> 1.4146136 | N19: =SQRT(SUMXMY2(KMeans!$B19:$E19,KMeans!$B17:$E17)) -> 3.9553615 | O19: =SQRT(SUMXMY2(KMeans!$B19:$E19,KMeans!$B18:$E18)) -> 0.16411206 | P19: =SQRT(SUMXMY2(KMeans!$B19:$E19,KMeans!$B19:$E19)) -> 0 | Q19: =SQRT(SUMXMY2(KMeans!$B19:$E19,KMeans!$B20:$E20)) -> 0.58990115 | R19: =SQRT(SUMXMY2(KMeans!$B19:$E19,KMeans!$B21:$E21)) -> 1.6189826 | S19: =COUNTIF($C$4:$R$4,$B19) -> 11 | T19: =IF(S19<=1,0,SUMIF($C$4:$R$4,$B19,$C19:$R19)/(S19-1)) -> 1.2762763 | U19: =IF($B19=1,1000000000,IFERROR(SUMIF($C$4:$R$4,1,$C19:$R19)/COUNTIF($C$4:$R$4,1),1000000000)) -> 2.9082238 | V19: =IF($B19=2,1000000000,IFERROR(SUMIF($C$4:$R$4,2,$C19:$R19)/COUNTIF($C$4:$R$4,2),1000000000)) -> 4.5005768 | W19: =IF($B19=3,1000000000,IFERROR(SUMIF($C$4:$R$4,3,$C19:$R19)/COUNTIF($C$4:$R$4,3),1000000000)) -> 1000000000 | X19: =MIN(U19:W19) -> 2.9082238 | Y19: =IF(S19<=1,0,(X19-T19)/MAX(T19,X19)) -> 0.56114922
A20: =KMeans!A20 -> Infrastructure | B20: =KMeans!F20 -> 3 | C20: =SQRT(SUMXMY2(KMeans!$B20:$E20,KMeans!$B6:$E6)) -> 3.249144 | D20: =SQRT(SUMXMY2(KMeans!$B20:$E20,KMeans!$B7:$E7)) -> 3.3725314 | E20: =SQRT(SUMXMY2(KMeans!$B20:$E20,KMeans!$B8:$E8)) -> 3.0106201 | F20: =SQRT(SUMXMY2(KMeans!$B20:$E20,KMeans!$B9:$E9)) -> 5.3340983 | G20: =SQRT(SUMXMY2(KMeans!$B20:$E20,KMeans!$B10:$E10)) -> 2.4762675 | H20: =SQRT(SUMXMY2(KMeans!$B20:$E20,KMeans!$B11:$E11)) -> 1.7610615 | I20: =SQRT(SUMXMY2(KMeans!$B20:$E20,KMeans!$B12:$E12)) -> 2.3615465 | J20: =SQRT(SUMXMY2(KMeans!$B20:$E20,KMeans!$B13:$E13)) -> 1.464561 | K20: =SQRT(SUMXMY2(KMeans!$B20:$E20,KMeans!$B14:$E14)) -> 1.5067185 | L20: =SQRT(SUMXMY2(KMeans!$B20:$E20,KMeans!$B15:$E15)) -> 0.77352138 | M20: =SQRT(SUMXMY2(KMeans!$B20:$E20,KMeans!$B16:$E16)) -> 1.7126484 | N20: =SQRT(SUMXMY2(KMeans!$B20:$E20,KMeans!$B17:$E17)) -> 4.0182363 | O20: =SQRT(SUMXMY2(KMeans!$B20:$E20,KMeans!$B18:$E18)) -> 0.71055298 | P20: =SQRT(SUMXMY2(KMeans!$B20:$E20,KMeans!$B19:$E19)) -> 0.58990115 | Q20: =SQRT(SUMXMY2(KMeans!$B20:$E20,KMeans!$B20:$E20)) -> 0 | R20: =SQRT(SUMXMY2(KMeans!$B20:$E20,KMeans!$B21:$E21)) -> 1.9152978 | S20: =COUNTIF($C$4:$R$4,$B20) -> 11 | T20: =IF(S20<=1,0,SUMIF($C$4:$R$4,$B20,$C20:$R20)/(S20-1)) -> 1.5272077 | U20: =IF($B20=1,1000000000,IFERROR(SUMIF($C$4:$R$4,1,$C20:$R20)/COUNTIF($C$4:$R$4,1),1000000000)) -> 3.2107652 | V20: =IF($B20=2,1000000000,IFERROR(SUMIF($C$4:$R$4,2,$C20:$R20)/COUNTIF($C$4:$R$4,2),1000000000)) -> 4.6761673 | W20: =IF($B20=3,1000000000,IFERROR(SUMIF($C$4:$R$4,3,$C20:$R20)/COUNTIF($C$4:$R$4,3),1000000000)) -> 1000000000 | X20: =MIN(U20:W20) -> 3.2107652 | Y20: =IF(S20<=1,0,(X20-T20)/MAX(T20,X20)) -> 0.52434775
A21: =KMeans!A21 -> Other | B21: =KMeans!F21 -> 3 | C21: =SQRT(SUMXMY2(KMeans!$B21:$E21,KMeans!$B6:$E6)) -> 1.8368957 | D21: =SQRT(SUMXMY2(KMeans!$B21:$E21,KMeans!$B7:$E7)) -> 1.576572 | E21: =SQRT(SUMXMY2(KMeans!$B21:$E21,KMeans!$B8:$E8)) -> 1.4937625 | F21: =SQRT(SUMXMY2(KMeans!$B21:$E21,KMeans!$B9:$E9)) -> 5.2621972 | G21: =SQRT(SUMXMY2(KMeans!$B21:$E21,KMeans!$B10:$E10)) -> 1.4726602 | H21: =SQRT(SUMXMY2(KMeans!$B21:$E21,KMeans!$B11:$E11)) -> 1.2017781 | I21: =SQRT(SUMXMY2(KMeans!$B21:$E21,KMeans!$B12:$E12)) -> 1.1655116 | J21: =SQRT(SUMXMY2(KMeans!$B21:$E21,KMeans!$B13:$E13)) -> 0.49380421 | K21: =SQRT(SUMXMY2(KMeans!$B21:$E21,KMeans!$B14:$E14)) -> 0.78737363 | L21: =SQRT(SUMXMY2(KMeans!$B21:$E21,KMeans!$B15:$E15)) -> 1.3317363 | M21: =SQRT(SUMXMY2(KMeans!$B21:$E21,KMeans!$B16:$E16)) -> 2.5687522 | N21: =SQRT(SUMXMY2(KMeans!$B21:$E21,KMeans!$B17:$E17)) -> 4.3635121 | O21: =SQRT(SUMXMY2(KMeans!$B21:$E21,KMeans!$B18:$E18)) -> 1.5220581 | P21: =SQRT(SUMXMY2(KMeans!$B21:$E21,KMeans!$B19:$E19)) -> 1.6189826 | Q21: =SQRT(SUMXMY2(KMeans!$B21:$E21,KMeans!$B20:$E20)) -> 1.9152978 | R21: =SQRT(SUMXMY2(KMeans!$B21:$E21,KMeans!$B21:$E21)) -> 0 | S21: =COUNTIF($C$4:$R$4,$B21) -> 11 | T21: =IF(S21<=1,0,SUMIF($C$4:$R$4,$B21,$C21:$R21)/(S21-1)) -> 1.4077955 | U21: =IF($B21=1,1000000000,IFERROR(SUMIF($C$4:$R$4,1,$C21:$R21)/COUNTIF($C$4:$R$4,1),1000000000)) -> 1.6357434 | V21: =IF($B21=2,1000000000,IFERROR(SUMIF($C$4:$R$4,2,$C21:$R21)/COUNTIF($C$4:$R$4,2),1000000000)) -> 4.8128547 | W21: =IF($B21=3,1000000000,IFERROR(SUMIF($C$4:$R$4,3,$C21:$R21)/COUNTIF($C$4:$R$4,3),1000000000)) -> 1000000000 | X21: =MIN(U21:W21) -> 1.6357434 | Y21: =IF(S21<=1,0,(X21-T21)/MAX(T21,X21)) -> 0.13935432
A23: Mean silhouette (all sectors) | Y23: =AVERAGE(Y6:Y21) -> 0.38149515
A26: Cluster | B26: Mean silhouette
A27: 1 | B27: =IFERROR(AVERAGEIF($B$6:$B$21,A27,$Y$6:$Y$21),0) -> 0.32451601
A28: 2 | B28: =IFERROR(AVERAGEIF($B$6:$B$21,A28,$Y$6:$Y$21),0) -> 0.42238748
A29: 3 | B29: =IFERROR(AVERAGEIF($B$6:$B$21,A29,$Y$6:$Y$21),0) -> 0.38959994
A31: Mean d columns show 1E+9 (a sentinel) for the sector's own cluster, so MIN picks the nearest OTHER cluster.

Sheet Regression
A1: Step 5: Multiple regression with held-out validation: FY24 reviews ~ FY22 + FY23
A2: Split: 12 train / 4 test, random with seed 42 (assignment hardcoded in blue). Model is fit by LINEST on train only, then scored on the unseen test sectors against a naive baseline.
A4: Training set (12 sectors) | J4: Model coefficients (train)
A5: Sector | B5: FY22 (x1) | C5: FY23 (x2) | D5: FY24 (y) | E5: Fitted | F5: Residual | G5: Std residual | H5: Anomaly? | J5: Term | K5: Coefficient | L5: Std error | M5: t-stat | N5: p-value
A6: Social infrastructure | B6: =INDEX(Data!$B$5:$B$20,MATCH($A6,Data!$A$5:$A$20,0)) -> 83 | C6: =INDEX(Data!$C$5:$C$20,MATCH($A6,Data!$A$5:$A$20,0)) -> 87 | D6: =INDEX(Data!$D$5:$D$20,MATCH($A6,Data!$A$5:$A$20,0)) -> 107 | E6: =$K$6+$K$7*B6+$K$8*C6 -> 78.841923 | F6: =D6-E6 -> 28.158077 | G6: =F6/$K$17 -> 1.5436095 | H6: =IF(ABS(G6)>Inputs!$B$7,"Anomaly","") -> Anomaly | J6: Intercept | K6: =INDEX(LINEST($D$6:$D$17,$B$6:$C$17,TRUE(),TRUE()),1,3) -> 8.731503 | L6: =INDEX(LINEST($D$6:$D$17,$B$6:$C$17,TRUE(),TRUE()),2,3) -> 15.236 | M6: =K6/L6 -> 0.57308368 | N6: =TDIST(ABS(M6),$K$14,2) -> 0.58062216
A7: Nuclear | B7: =INDEX(Data!$B$5:$B$20,MATCH($A7,Data!$A$5:$A$20,0)) -> 33 | C7: =INDEX(Data!$C$5:$C$20,MATCH($A7,Data!$A$5:$A$20,0)) -> 27 | D7: =INDEX(Data!$D$5:$D$20,MATCH($A7,Data!$A$5:$A$20,0)) -> 66 | E7: =$K$6+$K$7*B7+$K$8*C7 -> 32.466284 | F7: =D7-E7 -> 33.533716 | G7: =F7/$K$17 -> 1.8382989 | H7: =IF(ABS(G7)>Inputs!$B$7,"Anomaly","") -> Anomaly | J7: FY22 (x1) | K7: =INDEX(LINEST($D$6:$D$17,$B$6:$C$17,TRUE(),TRUE()),1,2) -> 0.27292796 | L7: =INDEX(LINEST($D$6:$D$17,$B$6:$C$17,TRUE(),TRUE()),2,2) -> 0.65891956 | M7: =K7/L7 -> 0.41420527 | N7: =TDIST(ABS(M7),$K$14,2) -> 0.68842117
A8: Defence | B8: =INDEX(Data!$B$5:$B$20,MATCH($A8,Data!$A$5:$A$20,0)) -> 43 | C8: =INDEX(Data!$C$5:$C$20,MATCH($A8,Data!$A$5:$A$20,0)) -> 45 | D8: =INDEX(Data!$D$5:$D$20,MATCH($A8,Data!$A$5:$A$20,0)) -> 54 | E8: =$K$6+$K$7*B8+$K$8*C8 -> 45.014336 | F8: =D8-E8 -> 8.9856642 | G8: =F8/$K$17 -> 0.49258891 | H8: =IF(ABS(G8)>Inputs!$B$7,"Anomaly","") | J8: FY23 (x2) | K8: =INDEX(LINEST($D$6:$D$17,$B$6:$C$17,TRUE(),TRUE()),1,1) -> 0.54548735 | L8: =INDEX(LINEST($D$6:$D$17,$B$6:$C$17,TRUE(),TRUE()),2,1) -> 0.55802811 | M8: =K8/L8 -> 0.97752665 | N8: =TDIST(ABS(M8),$K$14,2) -> 0.35385095
A9: Manufacturing | B9: =INDEX(Data!$B$5:$B$20,MATCH($A9,Data!$A$5:$A$20,0)) -> 44 | C9: =INDEX(Data!$C$5:$C$20,MATCH($A9,Data!$A$5:$A$20,0)) -> 48 | D9: =INDEX(Data!$D$5:$D$20,MATCH($A9,Data!$A$5:$A$20,0)) -> 46 | E9: =$K$6+$K$7*B9+$K$8*C9 -> 46.923726 | F9: =D9-E9 -> -0.92372576 | G9: =F9/$K$17 -> -0.050638111 | H9: =IF(ABS(G9)>Inputs!$B$7,"Anomaly","")
A10: Financial services | B10: =INDEX(Data!$B$5:$B$20,MATCH($A10,Data!$A$5:$A$20,0)) -> 54 | C10: =INDEX(Data!$C$5:$C$20,MATCH($A10,Data!$A$5:$A$20,0)) -> 60 | D10: =INDEX(Data!$D$5:$D$20,MATCH($A10,Data!$A$5:$A$20,0)) -> 44 | E10: =$K$6+$K$7*B10+$K$8*C10 -> 56.198853 | F10: =D10-E10 -> -12.198853 | G10: =F10/$K$17 -> -0.66873408 | H10: =IF(ABS(G10)>Inputs!$B$7,"Anomaly","") | J10: Fit statistics (train)
A11: Gaming & entertainment | B11: =INDEX(Data!$B$5:$B$20,MATCH($A11,Data!$A$5:$A$20,0)) -> 42 | C11: =INDEX(Data!$C$5:$C$20,MATCH($A11,Data!$A$5:$A$20,0)) -> 53 | D11: =INDEX(Data!$D$5:$D$20,MATCH($A11,Data!$A$5:$A$20,0)) -> 40 | E11: =$K$6+$K$7*B11+$K$8*C11 -> 49.105307 | F11: =D11-E11 -> -9.1053066 | G11: =F11/$K$17 -> -0.49914763 | H11: =IF(ABS(G11)>Inputs!$B$7,"Anomaly","") | J11: R-squared | K11: =INDEX(LINEST($D$6:$D$17,$B$6:$C$17,TRUE(),TRUE()),3,1) -> 0.49133669
A12: Chemicals & pharmaceuticals | B12: =INDEX(Data!$B$5:$B$20,MATCH($A12,Data!$A$5:$A$20,0)) -> 52 | C12: =INDEX(Data!$C$5:$C$20,MATCH($A12,Data!$A$5:$A$20,0)) -> 54 | D12: =INDEX(Data!$D$5:$D$20,MATCH($A12,Data!$A$5:$A$20,0)) -> 33 | E12: =$K$6+$K$7*B12+$K$8*C12 -> 52.380073 | F12: =D12-E12 -> -19.380073 | G12: =F12/$K$17 -> -1.0624044 | H12: =IF(ABS(G12)>Inputs!$B$7,"Anomaly","") | J12: Adjusted R-squared | K12: =1-(1-K11)*(K13-1)/K14 -> 0.3783004
A13: Renewables | B13: =INDEX(Data!$B$5:$B$20,MATCH($A13,Data!$A$5:$A$20,0)) -> 46 | C13: =INDEX(Data!$C$5:$C$20,MATCH($A13,Data!$A$5:$A$20,0)) -> 23 | D13: =INDEX(Data!$D$5:$D$20,MATCH($A13,Data!$A$5:$A$20,0)) -> 30 | E13: =$K$6+$K$7*B13+$K$8*C13 -> 33.832398 | F13: =D13-E13 -> -3.832398 | G13: =F13/$K$17 -> -0.21008984 | H13: =IF(ABS(G13)>Inputs!$B$7,"Anomaly","") | J13: Observations (n) | K13: =COUNT(D6:D17) -> 12
A14: Forestry | B14: =INDEX(Data!$B$5:$B$20,MATCH($A14,Data!$A$5:$A$20,0)) -> 11 | C14: =INDEX(Data!$C$5:$C$20,MATCH($A14,Data!$A$5:$A$20,0)) -> 20 | D14: =INDEX(Data!$D$5:$D$20,MATCH($A14,Data!$A$5:$A$20,0)) -> 29 | E14: =$K$6+$K$7*B14+$K$8*C14 -> 22.643457 | F14: =D14-E14 -> 6.3565425 | G14: =F14/$K$17 -> 0.34846198 | H14: =IF(ABS(G14)>Inputs!$B$7,"Anomaly","") | J14: Residual df | K14: =INDEX(LINEST($D$6:$D$17,$B$6:$C$17,TRUE(),TRUE()),4,2) -> 9
A15: Transport | B15: =INDEX(Data!$B$5:$B$20,MATCH($A15,Data!$A$5:$A$20,0)) -> 41 | C15: =INDEX(Data!$C$5:$C$20,MATCH($A15,Data!$A$5:$A$20,0)) -> 31 | D15: =INDEX(Data!$D$5:$D$20,MATCH($A15,Data!$A$5:$A$20,0)) -> 27 | E15: =$K$6+$K$7*B15+$K$8*C15 -> 36.831657 | F15: =D15-E15 -> -9.831657 | G15: =F15/$K$17 -> -0.53896574 | H15: =IF(ABS(G15)>Inputs!$B$7,"Anomaly","") | J15: F-statistic | K15: =INDEX(LINEST($D$6:$D$17,$B$6:$C$17,TRUE(),TRUE()),4,1) -> 4.3467163
A16: Technology | B16: =INDEX(Data!$B$5:$B$20,MATCH($A16,Data!$A$5:$A$20,0)) -> 41 | C16: =INDEX(Data!$C$5:$C$20,MATCH($A16,Data!$A$5:$A$20,0)) -> 31 | D16: =INDEX(Data!$D$5:$D$20,MATCH($A16,Data!$A$5:$A$20,0)) -> 26 | E16: =$K$6+$K$7*B16+$K$8*C16 -> 36.831657 | F16: =D16-E16 -> -10.831657 | G16: =F16/$K$17 -> -0.59378516 | H16: =IF(ABS(G16)>Inputs!$B$7,"Anomaly","") | J16: F p-value | K16: =FDIST(K15,2,K14) -> 0.047745985
A17: Other | B17: =INDEX(Data!$B$5:$B$20,MATCH($A17,Data!$A$5:$A$20,0)) -> 72 | C17: =INDEX(Data!$C$5:$C$20,MATCH($A17,Data!$A$5:$A$20,0)) -> 78 | D17: =INDEX(Data!$D$5:$D$20,MATCH($A17,Data!$A$5:$A$20,0)) -> 60 | E17: =$K$6+$K$7*B17+$K$8*C17 -> 70.930329 | F17: =D17-E17 -> -10.930329 | G17: =F17/$K$17 -> -0.5991943 | H17: =IF(ABS(G17)>Inputs!$B$7,"Anomaly","") | J17: Std error of regression | K17: =INDEX(LINEST($D$6:$D$17,$B$6:$C$17,TRUE(),TRUE()),3,2) -> 18.241711
J18: Train RMSE | K18: =SQRT(SUMSQ(F6:F17)/K13) -> 15.797785
J19: VIF (multicollinearity) | K19: =1/(1-CORREL(B6:B17,C6:C17)^2) -> 4.7097817
A20: Test set (4 unseen sectors) | J20: VIF above ~5 signals collinear predictors; coefficients are then unstable.
A21: Sector | B21: FY22 | C21: FY23 | D21: FY24 actual | E21: Model prediction | F21: Naive (FY24=FY23) | G21: Model error | H21: Naive error | I21: Std residual | J21: Anomaly?
A22: Mining | B22: =INDEX(Data!$B$5:$B$20,MATCH($A22,Data!$A$5:$A$20,0)) -> 215 | C22: =INDEX(Data!$C$5:$C$20,MATCH($A22,Data!$A$5:$A$20,0)) -> 249 | D22: =INDEX(Data!$D$5:$D$20,MATCH($A22,Data!$A$5:$A$20,0)) -> 167 | E22: =$K$6+$K$7*B22+$K$8*C22 -> 203.23736 | F22: =C22 -> 249 | G22: =D22-E22 -> -36.237363 | H22: =D22-F22 -> -82 | I22: =G22/$K$17 -> -1.9865112 | J22: =IF(ABS(I22)>Inputs!$B$7,"Anomaly","") -> Anomaly
A23: Energy | B23: =INDEX(Data!$B$5:$B$20,MATCH($A23,Data!$A$5:$A$20,0)) -> 192 | C23: =INDEX(Data!$C$5:$C$20,MATCH($A23,Data!$A$5:$A$20,0)) -> 195 | D23: =INDEX(Data!$D$5:$D$20,MATCH($A23,Data!$A$5:$A$20,0)) -> 165 | E23: =$K$6+$K$7*B23+$K$8*C23 -> 167.5037 | F23: =C23 -> 195 | G23: =D23-E23 -> -2.5037033 | H23: =D23-F23 -> -30 | I23: =G23/$K$17 -> -0.13725157 | J23: =IF(ABS(I23)>Inputs!$B$7,"Anomaly","")
A24: Agriculture | B24: =INDEX(Data!$B$5:$B$20,MATCH($A24,Data!$A$5:$A$20,0)) -> 39 | C24: =INDEX(Data!$C$5:$C$20,MATCH($A24,Data!$A$5:$A$20,0)) -> 60 | D24: =INDEX(Data!$D$5:$D$20,MATCH($A24,Data!$A$5:$A$20,0)) -> 47 | E24: =$K$6+$K$7*B24+$K$8*C24 -> 52.104934 | F24: =C24 -> 60 | G24: =D24-E24 -> -5.1049342 | H24: =D24-F24 -> -13 | I24: =G24/$K$17 -> -0.27984953 | J24: =IF(ABS(I24)>Inputs!$B$7,"Anomaly","")
A25: Infrastructure | B25: =INDEX(Data!$B$5:$B$20,MATCH($A25,Data!$A$5:$A$20,0)) -> 33 | C25: =INDEX(Data!$C$5:$C$20,MATCH($A25,Data!$A$5:$A$20,0)) -> 33 | D25: =INDEX(Data!$D$5:$D$20,MATCH($A25,Data!$A$5:$A$20,0)) -> 20 | E25: =$K$6+$K$7*B25+$K$8*C25 -> 35.739208 | F25: =C25 -> 33 | G25: =D25-E25 -> -15.739208 | H25: =D25-F25 -> -13 | I25: =G25/$K$17 -> -0.86281426 | J25: =IF(ABS(I25)>Inputs!$B$7,"Anomaly","")
A27: Test-set accuracy
A28: Metric | B28: Regression model | C28: Naive baseline
A29: RMSE | B29: =SQRT(SUMSQ(G22:G25)/COUNT(D22:D25)) -> 19.957442 | C29: =SQRT(SUMSQ(H22:H25)/COUNT(D22:D25)) -> 44.61502
A30: MAE | B30: =SUMPRODUCT(ABS(G22:G25))/COUNT(D22:D25) -> 14.896302 | C30: =SUMPRODUCT(ABS(H22:H25))/COUNT(D22:D25) -> 34.5
A31: MAPE | B31: =SUMPRODUCT(ABS(G22:G25)/D22:D25)/COUNT(D22:D25) -> 0.28193504 | C31: =SUMPRODUCT(ABS(H22:H25)/D22:D25)/COUNT(D22:D25) -> 0.39985797
A32: Skill vs naive (1 - RMSE ratio) | B32: =1-B29/C29 -> 0.55267436
A33: Positive skill = the model beats simply repeating last year. Tiny sample (n = 12 train, 4 test): treat as a demonstration of method, not a production forecast.
